alpha,year,country.x,dm.output,total.output,dm.share,category2,NY.GDP.PCAP.KD,RL.EST,SP.POP.TOTL
AE,1991,United Arab Emirates,NA,NA,NA,NA,46654.2396755438,NA,1908002
AE,1992,United Arab Emirates,0,65,0,NA,45700.4384776975,NA,2012977
AE,1993,United Arab Emirates,0,80,0,NA,43916.9592449208,NA,2121143
AE,1994,United Arab Emirates,0,94,0,NA,44610.7106552982,NA,2232159
AE,1995,United Arab Emirates,0,143,0,NA,45278.8005865978,NA,2346305
AE,1996,United Arab Emirates,0,159,0,NA,45490.3361744494,0.6879253234,2470810
AE,1997,United Arab Emirates,0,161,0,NA,46609.4849528244,0.7104044222,2608993
AE,1998,United Arab Emirates,0,137,0,NA,44292.3496752732,0.732883521,2753498
AE,1999,United Arab Emirates,0,151,0,NA,43370.3076458383,0.7279510361,2893648
AE,2000,United Arab Emirates,0,144,0,NA,45968.9998216101,0.7230185513,3026352
AE,2001,United Arab Emirates,0,160,0,NA,45038.3380917655,0.7173981944,3132104
AE,2002,United Arab Emirates,0,170,0,NA,44819.7575342327,0.7117778375,3223969
AE,2003,United Arab Emirates,0,211,0,NA,46661.3888790427,0.573939123,3369254
AE,2004,United Arab Emirates,0,195,0,NA,47081.1580731954,0.4961365641,3658658
AE,2005,United Arab Emirates,0,240,0,NA,43533.8917822307,0.4798097342,4148883
AE,2006,United Arab Emirates,0,228,0,NA,40689.0046019692,0.3716471514,4875639
AE,2007,United Arab Emirates,1,232,4.310345,NA,35309.6419617861,0.3590368797,5797347
AE,2008,United Arab Emirates,0,221,0,NA,31070.3563797185,0.4857841672,6798635
AE,2009,United Arab Emirates,0,214,0,NA,25933.2439811321,0.4622958771,7718319
AE,2010,United Arab Emirates,0,224,0,NA,24099.2278944828,0.3652899282,8441537
AE,2011,United Arab Emirates,0,244,0,NA,23907.0755761737,0.5310093864,8925096
AE,2012,United Arab Emirates,0,232,0,NA,24262.7459890135,0.5593529951,9205651
AE,2013,United Arab Emirates,2,252,7.936508,NA,25140.7565915726,0.643055141,9346129
AE,2014,United Arab Emirates,0,271,0,NA,NA,NA,NA
AR,1991,Argentina,NA,NA,NA,restricted,4410.7185678034,NA,33075194
AR,1992,Argentina,0,1959,0,restricted,4871.7572782602,NA,33520803
AR,1993,Argentina,0,1992,0,restricted,5092.5090848859,NA,33961947
AR,1994,Argentina,0,2187,0,restricted,5321.1865606719,NA,34399343
AR,1995,Argentina,0,2492,0,restricted,5105.4012249284,NA,34833168
AR,1996,Argentina,0,3286,0,restricted,5321.7287300261,0.0372180485,35264070
AR,1997,Argentina,0,3540,0,restricted,5684.5910292565,0.0005752523,35690778
AR,1998,Argentina,0,3855,0,restricted,5835.0275999178,-0.0360675439,36109342
AR,1999,Argentina,0,4051,0,restricted,5574.9239189086,-0.1179284317,36514558
AR,2000,Argentina,0,4379,0,restricted,5472.7090880439,-0.1997893195,36903067
AR,2001,Argentina,0,4486,0,restricted,5179.4542626094,-0.5086178228,37273361
AR,2002,Argentina,2,4821,0.4148516905,restricted,4571.7372214782,-0.8174463262,37627545
AR,2003,Argentina,0,4695,0,restricted,4930.8134326312,-0.820463866,37970411
AR,2004,Argentina,0,4832,0,restricted,5328.5601295176,-0.8263785657,38308779
AR,2005,Argentina,2,5037,0.3970617431,restricted,5767.6570119762,-0.5816653358,38647854
AR,2006,Argentina,3,5373,0.558347292,restricted,6195.3849415422,-0.602514414,38988923
AR,2007,Argentina,1,5761,0.1735809755,restricted,NA,-0.6331446457,39331357
AR,2008,Argentina,2,6544,0.3056234719,restricted,NA,-0.7000463809,39676083
AR,2009,Argentina,3,6848,0.4380841121,restricted,NA,-0.708890188,40023641
AR,2010,Argentina,2,7401,0.2702337522,restricted,NA,-0.6207297573,40374224
AR,2011,Argentina,2,7904,0.2530364372,restricted,NA,-0.5874898095,40728738
AR,2012,Argentina,7,8231,0.8504434455,restricted,NA,-0.7140455892,41086927
AR,2013,Argentina,6,8477,0.7077975699,restricted,NA,-0.7317093611,41446246
AR,2014,Argentina,5,8342,0.5993766483,restricted,NA,NA,NA
AT,1991,Austria,NA,NA,NA,restricted,29752.9333245894,NA,7754891
AT,1992,Austria,0,4199,0,restricted,30043.3494311019,NA,7840709
AT,1993,Austria,0,4153,0,restricted,29953.5936861254,NA,7905633
AT,1994,Austria,0,4323,0,restricted,30555.2899897097,NA,7936118
AT,1995,Austria,0,4921,0,restricted,31322.506686026,NA,7948278
AT,1996,Austria,0,5735,0,restricted,32030.4409303319,1.8013601339,7959017
AT,1997,Austria,0,6348,0,restricted,32699.6433709134,1.80136,7968041
AT,1998,Austria,0,6606,0,restricted,33826.6025332222,1.8335310166,7976789
AT,1999,Austria,2,6914,0.2892681516,restricted,34972.8636245141,1.833531,7992324
AT,2000,Austria,8,7072,1.1312217195,restricted,36064.0642882976,1.8134811397,8011566
AT,2001,Austria,2,7529,0.2656395272,restricted,36411.4665537166,1.813481,8042293
AT,2002,Austria,7,7611,0.9197214558,restricted,36832.729466506,1.8620064685,8081957
AT,2003,Austria,8,8084,0.9896091044,restricted,36930.9013391539,1.8621518054,8121423
AT,2004,Austria,5,8377,0.5968723887,restricted,37695.5624507375,1.8461996971,8171966
AT,2005,Austria,7,8598,0.8141428239,restricted,38241.091364843,1.8631130178,8227829
AT,2006,Austria,8,8705,0.919012062,restricted,39327.4122188341,1.9094440048,8268641
AT,2007,Austria,4,9381,0.4263937747,restricted,40619.7766754174,1.9591698789,8295487
AT,2008,Austria,6,10003,0.599820054,restricted,41119.3496405794,1.9265502579,8321496
AT,2009,Austria,8,10399,0.7693047408,restricted,39453.7084718354,1.7870105189,8343323
AT,2010,Austria,8,11232,0.7122507123,restricted,40098.9639650971,1.8057999968,8363404
AT,2011,Austria,12,12160,0.9868421053,restricted,41191.4915556313,1.810730551,8391643
AT,2012,Austria,6,12721,0.4716610329,restricted,41366.5245239754,1.841881186,8429991
AT,2013,Austria,7,13396,0.522544043,restricted,41217.2023854699,1.8288122416,8479823
AT,2014,Austria,14,13911,1.0063978147,restricted,NA,NA,NA
AU,1991,Australia,NA,NA,NA,prob. not allowed,24614.1587913257,NA,17284000
AU,1992,Australia,0,13373,0,prob. not allowed,24415.5527415283,NA,17495000
AU,1993,Australia,0,14040,0,prob. not allowed,25148.7396103138,NA,17667000
AU,1994,Australia,0,15129,0,prob. not allowed,25890.4297002534,NA,17855000
AU,1995,Australia,1,16445,0.0608087565,prob. not allowed,26572.3431118453,NA,18072000
AU,1996,Australia,0,18800,0,prob. not allowed,27260.7098229703,1.6684074393,18311000
AU,1997,Australia,3,19410,0.1545595054,prob. not allowed,28020.4968713685,1.7106712927,18517000
AU,1998,Australia,11,20725,0.5307599517,prob. not allowed,28958.6515993402,1.7529351461,18711000
AU,1999,Australia,15,20848,0.7194934766,prob. not allowed,30062.3829005819,1.7245096856,18926000
AU,2000,Australia,9,21194,0.4246484854,prob. not allowed,30856.3097808917,1.6960842251,19153000
AU,2001,Australia,9,21464,0.4193067462,prob. not allowed,31030.1940510662,1.7254923726,19413000
AU,2002,Australia,25,22019,1.1353830783,prob. not allowed,31837.9365368721,1.7549005201,19651400
AU,2003,Australia,41,23272,1.7617738054,prob. not allowed,32415.8175022574,1.8379916557,19895400
AU,2004,Australia,44,24804,1.7739074343,prob. not allowed,33374.0343032651,1.8141107889,20127400
AU,2005,Australia,59,25671,2.2983132718,prob. not allowed,33995.8516729703,1.7116299291,20394800
AU,2006,Australia,54,27896,1.9357613995,prob. not allowed,34499.8308178988,1.7474572359,20697900
AU,2007,Australia,34,30101,1.1295305804,prob. not allowed,35574.1545589285,1.7354205372,20827600
AU,2008,Australia,38,33082,1.1486609032,prob. not allowed,36159.2647357917,1.753576275,21249200
AU,2009,Australia,48,35704,1.3443871835,prob. not allowed,36035.0717338793,1.731951754,21691700
AU,2010,Australia,41,38503,1.0648520894,prob. not allowed,36175.0304091017,1.763209626,22031800
AU,2011,Australia,58,42123,1.3769199725,prob. not allowed,36504.1739410193,1.741450349,22340000
AU,2012,Australia,54,45663,1.1825767032,prob. not allowed,37225.2881821857,1.7460189895,22723900
AU,2013,Australia,67,50480,1.3272583201,prob. not allowed,37488.9133355971,NA,23130900
AU,2014,Australia,69,53339,1.2936125537,prob. not allowed,NA,NA,NA
BE,1991,Belgium,NA,NA,NA,restricted,28932.0357383226,NA,10004486
BE,1992,Belgium,0,6142,0,restricted,29255.9488870753,NA,10045158
BE,1993,Belgium,0,6229,0,restricted,28861.5788444974,NA,10084475
BE,1994,Belgium,0,7017,0,restricted,29701.2541646781,NA,10115603
BE,1995,Belgium,0,7484,0,restricted,30345.9348009613,NA,10136811
BE,1996,Belgium,0,8774,0,restricted,30756.5339471129,1.3105633612,10156637
BE,1997,Belgium,3,9053,0.3313818624,restricted,31830.7285898284,1.2466939127,10181245
BE,1998,Belgium,0,9573,0,restricted,32400.0076188106,1.1828244641,10203008
BE,1999,Belgium,6,9853,0.6089515883,restricted,33527.1178500281,1.2322580405,10226419
BE,2000,Belgium,7,9830,0.7121057986,restricted,34633.3647900364,1.2816916169,10251250
BE,2001,Belgium,4,10206,0.3919263179,restricted,34833.4546173597,1.2989350945,10286570
BE,2002,Belgium,11,10681,1.0298661174,restricted,35218.4617520282,1.316178572,10332785
BE,2003,Belgium,9,11292,0.7970244421,restricted,35383.4311955505,1.3164222795,10376133
BE,2004,Belgium,10,11875,0.8421052632,restricted,36440.617421826,1.3109353315,10421137
BE,2005,Belgium,19,12669,1.4997237351,restricted,36927.1043436191,1.2401882989,10478617
BE,2006,Belgium,19,12887,1.4743540002,restricted,37649.2744356575,1.2000693333,10547958
BE,2007,Belgium,16,13832,1.1567379988,restricted,38495.1558406793,1.3062190491,10625700
BE,2008,Belgium,21,14733,1.4253716147,restricted,38556.3397180925,1.3273107935,10709973
BE,2009,Belgium,13,15307,0.849284641,restricted,37245.8170656318,1.3555488656,10796493
BE,2010,Belgium,20,16662,1.2003360941,restricted,37744.6324357486,1.3698656283,10920272
BE,2011,Belgium,31,17721,1.7493369449,restricted,37920.3468991133,1.4036382137,11047744
BE,2012,Belgium,34,18563,1.8316004956,restricted,37681.6393084477,1.3953121319,11128246
BE,2013,Belgium,26,19702,1.3196629784,restricted,37559.435497577,NA,11195138
BE,2014,Belgium,22,20072,1.0960542049,restricted,NA,NA,NA
BR,1991,Brazil,NA,NA,NA,restricted,3993.0570423645,NA,152153539
BR,1992,Brazil,0,4164,0,restricted,3911.5709209841,NA,154597985
BR,1993,Brazil,0,4098,0,restricted,4031.1290364599,NA,157011131
BR,1994,Brazil,0,4559,0,restricted,4181.6649457871,NA,159432909
BR,1995,Brazil,0,5302,0,restricted,4300.0697774421,NA,161890816
BR,1996,Brazil,0,6323,0,restricted,4325.6790122089,-0.3311111717,164392423
BR,1997,Brazil,0,5171,0,restricted,4403.8120720498,-0.3207914912,166925457
BR,1998,Brazil,0,8913,0,restricted,4339.1704243404,-0.3104718107,169472347
BR,1999,Brazil,2,9931,0.2013895882,restricted,4286.1727330748,-0.3063817757,172006362
BR,2000,Brazil,3,10849,0.2765231819,restricted,4406.7132432786,-0.3022917406,174504898
BR,2001,Brazil,7,11489,0.6092784402,restricted,4402.5112011113,-0.3028217493,176968205
BR,2002,Brazil,7,12842,0.5450864351,restricted,4458.3339144226,-0.303351758,179393768
BR,2003,Brazil,9,13823,0.6510887651,restricted,4450.9262916618,-0.403442837,181752951
BR,2004,Brazil,19,15965,1.1901033511,restricted,4647.5272474498,-0.3915715169,184010283
BR,2005,Brazil,14,16957,0.825617739,restricted,4739.3054367481,-0.4923634068,186142403
BR,2006,Brazil,15,18940,0.7919746568,restricted,4874.6014810176,-0.4130798445,188134315
BR,2007,Brazil,21,23401,0.8973975471,restricted,5121.0288603801,-0.4330142041,189996976
BR,2008,Brazil,10,28395,0.3521746786,restricted,5336.0791455401,-0.3683980126,191765567
BR,2009,Brazil,15,30297,0.4950985246,restricted,5271.1380366033,-0.2171707181,193490922
BR,2010,Brazil,30,31987,0.9378810142,restricted,5618.3246002282,-0.0037492064,195210154
BR,2011,Brazil,30,34688,0.8648523985,restricted,5721.2895041027,-0.0058858015,196935134
BR,2012,Brazil,30,36900,0.8130081301,restricted,5730.249146334,-0.1100842811,198656019
BR,2013,Brazil,37,38305,0.9659313406,restricted,5823.043783632,NA,200361925
BR,2014,Brazil,32,39215,0.8160142802,restricted,NA,NA,NA
CA,1991,Canada,NA,NA,NA,prob. not allowed,26912.1864193243,NA,28171682
CA,1992,Canada,1,29576,0.0338111983,prob. not allowed,26811.0068248746,NA,28519597
CA,1993,Canada,0,29824,0,prob. not allowed,27210.6589536024,NA,28833410
CA,1994,Canada,0,30648,0,prob. not allowed,28177.6721697051,NA,29111906
CA,1995,Canada,4,31441,0.1272224166,prob. not allowed,28710.5596032428,NA,29354000
CA,1996,Canada,3,33944,0.0883808626,prob. not allowed,28880.0166232527,1.6328165553,29671900
CA,1997,Canada,1,32961,0.0303388853,prob. not allowed,29791.8100805038,1.6797511254,29987200
CA,1998,Canada,9,32965,0.273016836,prob. not allowed,30757.25623942,1.7266856954,30247900
CA,1999,Canada,13,33042,0.3934386538,prob. not allowed,32028.1844850769,1.7018706744,30499200
CA,2000,Canada,24,33578,0.7147537078,prob. not allowed,33373.0392566186,1.6770556533,30769700
CA,2001,Canada,15,33089,0.4533228565,prob. not allowed,33595.6281935305,1.6687651649,31081900
CA,2002,Canada,37,34142,1.0837092145,prob. not allowed,34228.4774351486,1.6604746765,31362000
CA,2003,Canada,49,36656,1.3367525098,prob. not allowed,34541.6492687234,1.7031148038,31676000
CA,2004,Canada,47,38635,1.216513524,prob. not allowed,35270.6379235451,1.7049322921,31995000
CA,2005,Canada,72,41786,1.7230651414,prob. not allowed,36029.3226661828,1.6607928657,32312000
CA,2006,Canada,57,44433,1.2828303288,prob. not allowed,36680.4788016736,1.7900255384,32570505
CA,2007,Canada,48,46144,1.040221914,prob. not allowed,37055.9995286685,1.7889525199,32887928
CA,2008,Canada,52,49367,1.0533352239,prob. not allowed,37088.020368704,1.7989243393,33245773
CA,2009,Canada,48,51518,0.9317131876,prob. not allowed,35671.6592941245,1.8058612544,33628571
CA,2010,Canada,50,53716,0.9308213568,prob. not allowed,36466.8151119074,1.8098323081,34005274
CA,2011,Canada,47,55804,0.8422335316,prob. not allowed,37021.3227634299,1.7429826526,34342780
CA,2012,Canada,64,58077,1.1019852954,prob. not allowed,37208.1513130611,1.7530533132,34754312
CA,2013,Canada,76,60557,1.2550159354,prob. allowed,37524.3151921007,NA,35158304
CA,2014,Canada,65,61141,1.0631164031,prob. allowed,NA,NA,NA
CH,1991,Switzerland,NA,NA,NA,restricted,48929.4882168292,NA,6799978
CH,1992,Switzerland,0,9184,0,restricted,48371.8295115872,NA,6875364
CH,1993,Switzerland,0,9570,0,restricted,47872.9115739262,NA,6938265
CH,1994,Switzerland,0,10251,0,restricted,48095.8492308429,NA,6993795
CH,1995,Switzerland,0,10357,0,restricted,48005.260338159,NA,7040687
CH,1996,Switzerland,0,11651,0,restricted,48081.0040542563,1.9063329631,7071850
CH,1997,Switzerland,1,12411,0.0805736846,restricted,49074.3014621387,1.9269384335,7088906
CH,1998,Switzerland,1,13152,0.0760340633,restricted,50369.539480282,1.9475439038,7110001
CH,1999,Switzerland,2,13693,0.1460600307,restricted,50953.7095977141,1.9393820651,7143991
CH,2000,Switzerland,4,13961,0.2865124275,restricted,52667.5940822587,1.9312202263,7184250
CH,2001,Switzerland,1,13357,0.0748671109,restricted,53092.4617734877,1.9233486186,7229854
CH,2002,Switzerland,7,13699,0.5109862034,restricted,52767.9068173796,1.9154770108,7284753
CH,2003,Switzerland,7,14550,0.4810996564,restricted,52403.8961489209,1.9129146173,7339001
CH,2004,Switzerland,13,15608,0.8329062019,restricted,53524.5029581279,1.9132572388,7389625
CH,2005,Switzerland,8,16088,0.4972650423,restricted,54798.5734843823,1.8985036828,7437115
CH,2006,Switzerland,6,17340,0.3460207612,restricted,56640.9499455541,1.7995121716,7483934
CH,2007,Switzerland,6,17927,0.33469069,restricted,58461.2778541309,1.8334502382,7551117
CH,2008,Switzerland,9,18969,0.4744583267,restricted,59037.6524479248,1.8076991103,7647675
CH,2009,Switzerland,17,20055,0.8476689105,restricted,57062.9104099477,1.7552705015,7743831
CH,2010,Switzerland,9,21516,0.4182933631,restricted,58139.7206723884,1.7663342821,7824909
CH,2011,Switzerland,8,23187,0.3450209169,restricted,58534.4197073969,1.7375793622,7912398
CH,2012,Switzerland,21,24678,0.8509603696,restricted,58558.5693178403,1.8119453715,7996861
CH,2013,Switzerland,18,25976,0.692947336,restricted,59055.4140273204,NA,8081482
CH,2014,Switzerland,21,26776,0.7842844338,restricted,NA,NA,NA
CN,1991,China,NA,NA,NA,NA,498.3559810162,NA,1150780000
CN,1992,China,0,8261,0,NA,562.3906846212,NA,1164970000
CN,1993,China,0,8923,0,NA,633.5986861617,NA,1178440000
CN,1994,China,0,9722,0,NA,708.4252413422,NA,1191835000
CN,1995,China,0,12130,0,NA,777.3287627272,NA,1204855000
CN,1996,China,0,14772,0,NA,846.2117518979,-0.4314606129,1217550000
CN,1997,China,2,16775,0.1192250373,NA,915.4668891267,-0.3928418785,1230075000
CN,1998,China,0,19868,0,NA,977.7514117516,-0.3542231441,1241935000
CN,1999,China,2,23876,0.083766125,NA,1043.1828330465,-0.4185803694,1252735000
CN,2000,China,17,29952,0.5675747863,NA,1122.2586515161,-0.4829375947,1262645000
CN,2001,China,20,35266,0.567118471,NA,1206.6131700467,-0.4488783622,1271850000
CN,2002,China,35,39581,0.8842626513,NA,1307.4095498954,-0.4148191297,1280400000
CN,2003,China,77,47695,1.6144249921,NA,1429.5504108923,-0.4668811284,1288400000
CN,2004,China,112,59047,1.8967940793,NA,1564.4019960705,-0.434056625,1296075000
CN,2005,China,171,71473,2.3925118576,NA,1731.125234579,-0.4873310362,1303720000
CN,2006,China,188,85307,2.2038050805,NA,1939.7107745167,-0.5473463487,1311020000
CN,2007,China,86,94626,0.9088411219,prob. allowed,2202.8851307865,-0.4472636842,1317885000
CN,2008,China,98,108325,0.9046849758,prob. not allowed,2402.7826642885,-0.3354238861,1324655000
CN,2009,China,166,124617,1.3320814977,prob. not allowed,2611.1600614744,-0.3218534139,1331260000
CN,2010,China,159,137837,1.1535364235,prob. not allowed,2870.0529422085,-0.3288297841,1337705000
CN,2011,China,192,161037,1.1922725833,prob. not allowed,3121.9697441723,-0.3912650556,1344130000
CN,2012,China,212,185107,1.1452835387,prob. not allowed,3344.544710712,-0.4890470316,1350695000
CN,2013,China,237,217270,1.0908086712,prob. allowed,3583.3758969629,NA,1357380000
CN,2014,China,289,250427,1.1540289186,prob. allowed,NA,NA,NA
CO,1991,Colombia,NA,NA,NA,NA,2841.4853039449,NA,33957286
CO,1992,Colombia,0,194,0,NA,2928.3580406282,NA,34608171
CO,1993,Colombia,0,203,0,NA,2942.1793959132,NA,35260456
CO,1994,Colombia,0,229,0,NA,3057.0926404032,NA,35915434
CO,1995,Colombia,0,272,0,NA,3158.234019728,NA,36573895
CO,1996,Colombia,0,368,0,NA,3165.8401123023,-0.8920744846,37236124
CO,1997,Colombia,0,465,0,NA,3216.9657134308,-0.8390741008,37901358
CO,1998,Colombia,0,497,0,NA,3179.3692668674,-0.786073717,38568056
CO,1999,Colombia,1,537,1.8621973929,NA,2994.0025534503,-0.8820159327,39234115
CO,2000,Colombia,0,665,0,NA,3074.3176261473,-0.9779581483,39897984
CO,2001,Colombia,0,640,0,NA,3074.9834168612,-0.8927588793,40558648
CO,2002,Colombia,1,740,1.3513513514,NA,3101.6867399001,-0.8075596103,41216304
CO,2003,Colombia,1,729,1.3717421125,NA,3172.7412845738,-0.7600776925,41872051
CO,2004,Colombia,0,818,0,NA,3290.427523387,-0.7007569087,42527623
CO,2005,Colombia,0,907,0,NA,3392.9244134252,-0.6668415725,43184026
CO,2006,Colombia,1,1061,0.9425070688,NA,3565.8863889363,-0.5210092731,43841370
CO,2007,Colombia,0,1401,0,NA,3755.671307756,-0.4721901812,44498390
CO,2008,Colombia,0,2058,0,NA,3832.495119655,-0.4357562563,45153037
CO,2009,Colombia,3,2298,1.3054830287,NA,3840.5446365849,-0.4273221936,45802561
CO,2010,Colombia,1,2670,0.3745318352,NA,3937.8672013547,-0.3454352041,46444798
CO,2011,Colombia,4,2995,1.3355592654,NA,4140.8290903138,-0.286000106,47078792
CO,2012,Colombia,3,3311,0.9060706735,NA,4251.9872248783,-0.3921208302,47704427
CO,2013,Colombia,3,3428,0.8751458576,NA,4394.0666140874,-0.4485432506,48321405
CO,2014,Colombia,6,3355,1.7883755589,NA,NA,NA,NA
DE,1991,Germany,NA,NA,NA,restricted,30026.1850262021,NA,80013896
DE,1992,Germany,0,43310,0,restricted,30371.4380977791,NA,80624598
DE,1993,Germany,0,44944,0,restricted,29884.2217650866,NA,81156363
DE,1994,Germany,0,46947,0,restricted,30511.8363416768,NA,81438348
DE,1995,Germany,0,49618,0,restricted,30939.2482034468,NA,81678051
DE,1996,Germany,1,57372,0.0174301053,restricted,31090.8595109864,1.5654261655,81914831
DE,1997,Germany,12,61174,0.1961617681,restricted,31611.9516054272,1.5863949425,82034771
DE,1998,Germany,4,64779,0.0617484061,restricted,32229.163614556,1.6073637194,82047195
DE,1999,Germany,21,66057,0.3179072619,restricted,32848.4360230788,1.5974091286,82100243
DE,2000,Germany,26,66340,0.39192041,restricted,33783.1470735291,1.5874545377,82211508
DE,2001,Germany,30,66599,0.4504572141,restricted,34298.1213415361,1.5997795661,82349925
DE,2002,Germany,36,67190,0.535794017,restricted,34244.1874723436,1.6121045944,82488495
DE,2003,Germany,45,67686,0.6648346778,restricted,33978.6385157921,1.6246222014,82534176
DE,2004,Germany,53,69934,0.7578574084,restricted,34387.2807180478,1.6298314918,82516260
DE,2005,Germany,55,72968,0.7537550707,restricted,34649.9163453245,1.6562941649,82469422
DE,2006,Germany,64,74546,0.8585303034,restricted,35975.9865117421,1.7556418477,82376451
DE,2007,Germany,42,76559,0.5485965073,restricted,37202.0359107877,1.7470752348,82266372
DE,2008,Germany,53,79103,0.6700125153,restricted,37664.9911575568,1.7205293929,82110097
DE,2009,Germany,53,81923,0.6469489643,restricted,35631.6269547663,1.6397396568,81902307
DE,2010,Germany,65,86053,0.755348448,restricted,37146.0975814729,1.6158680338,81776930
DE,2011,Germany,75,90930,0.8248102936,restricted,38469.8844951707,1.607294026,81797673
DE,2012,Germany,66,94510,0.6983388001,restricted,39273.3816421883,1.6376015878,80425823
DE,2013,Germany,65,98113,0.6625014014,restricted,39219.367118146,NA,80621788
DE,2014,Germany,97,98866,0.9811259685,restricted,NA,NA,NA
DK,1991,Denmark,NA,NA,NA,restricted,37347.7357828987,NA,5154298
DK,1992,Denmark,0,5440,0,restricted,37959.7956027737,NA,5171370
DK,1993,Denmark,0,5429,0,restricted,37799.6360082032,NA,5188628
DK,1994,Denmark,0,5930,0,restricted,39753.737682985,NA,5206180
DK,1995,Denmark,0,6066,0,restricted,40759.3645398436,NA,5233373
DK,1996,Denmark,0,6638,0,restricted,41704.7526776949,1.7892919142,5263074
DK,1997,Denmark,0,7160,0,restricted,42886.1104451858,1.815887465,5284991
DK,1998,Denmark,0,7698,0,restricted,43678.4719251565,1.8424830158,5304219
DK,1999,Denmark,0,7786,0,restricted,44817.5795272496,1.8206881283,5321799
DK,2000,Denmark,2,8012,0.2496255617,restricted,46341.6965005871,1.7988932409,5339616
DK,2001,Denmark,0,8124,0,restricted,46556.0441630885,1.8361021675,5358783
DK,2002,Denmark,5,8025,0.6230529595,restricted,46623.9384975303,1.8733110942,5375931
DK,2003,Denmark,2,8422,0.2374732843,restricted,46678.6707414695,1.9201831718,5390574
DK,2004,Denmark,4,8634,0.4632846884,restricted,47786.8416729345,1.9536413745,5404523
DK,2005,Denmark,4,8956,0.4466279589,restricted,48816.7544606487,1.9453281715,5419432
DK,2006,Denmark,7,9282,0.754147813,restricted,50503.9491543939,1.984319705,5437272
DK,2007,Denmark,3,9716,0.3087690408,restricted,50694.9982297795,1.9996402413,5461438
DK,2008,Denmark,4,10167,0.3934297236,restricted,50036.1787726048,1.9503306019,5493621
DK,2009,Denmark,3,10645,0.2818224519,restricted,47236.9376002065,1.9211005076,5523095
DK,2010,Denmark,4,11844,0.337723742,restricted,47791.8384445754,1.8966165175,5547683
DK,2011,Denmark,10,13103,0.7631840037,restricted,48143.8335044366,1.9284203582,5570572
DK,2012,Denmark,10,14252,0.7016559079,restricted,47648.7557755453,1.8507878402,5591572
DK,2013,Denmark,14,15197,0.9212344542,restricted,47219.8119924746,1.8732744455,5614932
DK,2014,Denmark,13,16259,0.7995571683,restricted,NA,NA,NA
ES,1991,Spain,NA,NA,NA,restricted,19594.3036281433,NA,38939049
ES,1992,Spain,0,11363,0,restricted,19711.2300685319,NA,39067745
ES,1993,Spain,0,12396,0,restricted,19447.3522726593,NA,39189400
ES,1994,Spain,0,12941,0,restricted,19857.3296983984,NA,39294967
ES,1995,Spain,0,14517,0,restricted,20357.2068220213,NA,39387017
ES,1996,Spain,0,17654,0,restricted,20853.4366735733,1.3918429801,39478186
ES,1997,Spain,0,19231,0,restricted,21565.9105752994,1.3463094843,39582413
ES,1998,Spain,5,20557,0.2432261517,restricted,22415.9861688945,1.3007759884,39721108
ES,1999,Spain,2,21843,0.0915625143,restricted,23300.9616933813,1.3454324419,39926268
ES,2000,Spain,3,22212,0.1350621286,restricted,24328.0633739489,1.3900888954,40263216
ES,2001,Spain,6,23407,0.2563335754,restricted,24995.526995531,1.300987093,40756001
ES,2002,Spain,14,24893,0.5624071024,restricted,25296.0495852066,1.2118852905,41431558
ES,2003,Spain,26,26000,1,restricted,25634.569386205,1.2618241181,42187645
ES,2004,Spain,23,27859,0.8255859866,restricted,25993.9451020539,1.1330152278,42921895
ES,2005,Spain,34,30062,1.1309959417,restricted,26510.058081173,1.0970173994,43653155
ES,2006,Spain,44,32527,1.3527223537,restricted,27153.7264183173,1.09526844,44397319
ES,2007,Spain,27,35343,0.7639419404,restricted,27660.3519249368,1.128110669,45226803
ES,2008,Spain,38,38553,0.9856561098,restricted,27526.3628209074,1.1662484829,45954106
ES,2009,Spain,58,41303,1.4042563494,restricted,26308.5663258864,1.1327881651,46362946
ES,2010,Spain,63,44065,1.429706116,restricted,26191.3340827577,1.1582576878,46576897
ES,2011,Spain,85,48364,1.7575055827,restricted,25937.2406689485,1.1763646442,46742697
ES,2012,Spain,84,51485,1.6315431679,restricted,25385.396247826,1.0431448911,46761264
ES,2013,Spain,92,53861,1.7081004809,restricted,25134.3575887286,NA,46647421
ES,2014,Spain,92,54087,1.7009632629,restricted,NA,NA,NA
FI,1991,Finland,NA,NA,NA,restricted,26945.8031790957,NA,5013740
FI,1992,Finland,0,4435,0,restricted,25903.9883116726,NA,5041992
FI,1993,Finland,0,4737,0,restricted,25589.6088531908,NA,5066447
FI,1994,Finland,1,5162,0.193723363,restricted,26483.2481941478,NA,5088333
FI,1995,Finland,0,5458,0,restricted,27492.3067000439,NA,5107790
FI,1996,Finland,0,6195,0,restricted,28404.8725588716,1.8760342483,5124573
FI,1997,Finland,5,6484,0.7711289328,restricted,30091.0734032962,1.9227823175,5139835
FI,1998,Finland,3,6860,0.4373177843,restricted,31640.4626451879,1.9695303867,5153498
FI,1999,Finland,5,7172,0.6971556051,restricted,32969.9896918756,1.9535215696,5165474
FI,2000,Finland,6,7382,0.8127878624,restricted,34755.5685547513,1.9375127524,5176209
FI,2001,Finland,5,7592,0.6585879874,restricted,35571.453523189,1.9187121364,5188008
FI,2002,Finland,6,7606,0.7888509072,restricted,36081.6085290695,1.8999115203,5200598
FI,2003,Finland,6,7876,0.7618080244,restricted,36713.4197956078,1.9635869926,5213014
FI,2004,Finland,9,8076,1.1144130758,restricted,38044.187692598,1.9701478103,5228172
FI,2005,Finland,16,8117,1.9711716151,restricted,38968.2023940964,1.9536305003,5246096
FI,2006,Finland,13,8679,1.497868418,restricted,40393.1225216675,1.9600425422,5266268
FI,2007,Finland,8,8737,0.9156461028,restricted,42307.0552286727,1.8929183335,5288720
FI,2008,Finland,11,9160,1.2008733624,restricted,42414.0302929173,1.9042963463,5313399
FI,2009,Finland,9,9436,0.9537939805,restricted,38721.1724957661,1.9741289366,5338871
FI,2010,Finland,13,9826,1.3230205577,restricted,39697.8092716131,1.9767785159,5363352
FI,2011,Finland,4,10339,0.3868846117,restricted,40530.0508712107,1.955674432,5388272
FI,2012,Finland,9,10774,0.8353443475,restricted,39749.3398317871,1.9433865607,5413971
FI,2013,Finland,14,11368,1.2315270936,restricted,39086.4687976623,NA,5439407
FI,2014,Finland,16,12166,1.3151405556,restricted,NA,NA,NA
FR,1991,France,NA,NA,NA,restricted,28470.9243393829,NA,58557072
FR,1992,France,0,33946,0,restricted,28782.7688910711,NA,58849212
FR,1993,France,0,34724,0,restricted,28482.5955577148,NA,59105073
FR,1994,France,0,36827,0,restricted,29042.168153502,NA,59325793
FR,1995,France,0,39000,0,restricted,29540.7055685493,NA,59540711
FR,1996,France,2,43752,0.045712196,restricted,29844.813003861,1.4457216049,59752020
FR,1997,France,2,45610,0.0438500329,restricted,30434.5394338973,1.4031536155,59963792
FR,1998,France,4,47757,0.0837573549,restricted,31400.9011578968,1.3605856261,60185178
FR,1999,France,12,48452,0.2476677949,restricted,32304.212700866,1.3822186165,60495470
FR,2000,France,15,48654,0.3082994204,restricted,33327.1054427894,1.4038516069,60911057
FR,2001,France,10,48075,0.2080083203,restricted,33732.2121438628,1.3002748176,61355725
FR,2002,France,19,48601,0.3909384581,restricted,33862.5128357483,1.1966980282,61803229
FR,2003,France,22,49421,0.4451548937,restricted,33899.1007579905,1.3397873753,62242474
FR,2004,France,43,50329,0.8543781915,restricted,34588.2468685914,1.450538995,62702121
FR,2005,France,44,52410,0.83953444,restricted,34880.5757980337,1.3998643188,63176246
FR,2006,France,39,54257,0.7188012607,restricted,35461.0270646565,1.4458364487,63617975
FR,2007,France,39,55159,0.7070469008,restricted,36074.6819122124,1.4294180566,64012572
FR,2008,France,38,59255,0.6412960932,restricted,35943.8167255445,1.4781404455,64371099
FR,2009,France,38,60618,0.6268765053,restricted,34707.6743645101,1.4274542029,64702921
FR,2010,France,43,62208,0.6912294239,restricted,35215.6228100394,1.5115291589,65023142
FR,2011,France,48,64364,0.7457584985,restricted,35771.5475500679,1.4398061207,65343588
FR,2012,France,54,66258,0.814995925,restricted,35709.0809455233,1.4310138224,65676758
FR,2013,France,59,68574,0.8603844023,restricted,35620.1435302315,NA,66028467
FR,2014,France,60,68072,0.8814196733,restricted,NA,NA,NA
GB,1991,United Kingdom,NA,NA,NA,restricted,28336.7157360959,NA,57424897
GB,1992,United Kingdom,0,42393,0,restricted,28386.4978313784,NA,57580402
GB,1993,United Kingdom,0,43517,0,restricted,29067.7179981338,NA,57718614
GB,1994,United Kingdom,3,45966,0.0652656311,restricted,30160.7997865734,NA,57865745
GB,1995,United Kingdom,2,49900,0.0400801603,restricted,30842.287554754,NA,58019030
GB,1996,United Kingdom,4,55528,0.0720357297,restricted,31584.2710597224,1.5926532408,58166950
GB,1997,United Kingdom,7,55786,0.125479511,restricted,32307.1874587155,1.6654690343,58316954
GB,1998,United Kingdom,12,57636,0.2082032063,restricted,33344.1089131028,1.7382848277,58487141
GB,1999,United Kingdom,18,59175,0.3041825095,restricted,34280.3598378892,1.6940468153,58682466
GB,2000,United Kingdom,18,61102,0.2945893751,restricted,35445.4686324823,1.6498088028,58892514
GB,2001,United Kingdom,28,58809,0.476117601,restricted,36250.1023405267,1.644103314,59119673
GB,2002,United Kingdom,28,59053,0.4741503395,restricted,36982.1659382066,1.6383978252,59370479
GB,2003,United Kingdom,39,60702,0.6424829495,restricted,38393.3696901596,1.6645936436,59647577
GB,2004,United Kingdom,43,62201,0.6913072137,restricted,39112.3400912104,1.6233871082,59987905
GB,2005,United Kingdom,50,64142,0.779520439,restricted,39934.9046168504,1.5468485712,60401206
GB,2006,United Kingdom,63,67092,0.9390091218,restricted,40848.4008051142,1.7545619979,60846820
GB,2007,United Kingdom,70,69908,1.0013160153,restricted,41567.402528534,1.6820481335,61322463
GB,2008,United Kingdom,51,71605,0.7122407653,restricted,41104.5973401183,1.6636078036,61806995
GB,2009,United Kingdom,72,73538,0.9790856428,restricted,39036.3500467852,1.7258258789,62276270
GB,2010,United Kingdom,67,77470,0.86485091,restricted,39471.8520217999,1.7613611459,62766365
GB,2011,United Kingdom,79,81111,0.973973937,restricted,39808.8154493834,1.6448637454,63258918
GB,2012,United Kingdom,87,84668,1.0275428733,restricted,39796.3952300129,1.689947848,63695687
GB,2013,United Kingdom,92,90020,1.0219951122,restricted,40231.0209276107,NA,64097085
GB,2014,United Kingdom,80,89895,0.8899271372,def. allowed,NA,NA,NA
GR,1991,Greece,NA,NA,NA,restricted,16146.8276005077,NA,10256292
GR,1992,Greece,0,2404,0,restricted,16081.7723924807,NA,10369866
GR,1993,Greece,0,2619,0,restricted,15679.8177436532,NA,10465528
GR,1994,Greece,0,2810,0,restricted,15860.7948288594,NA,10553035
GR,1995,Greece,0,3073,0,restricted,16069.9489346968,NA,10634385
GR,1996,Greece,0,3735,0,restricted,16429.2653781234,0.9761851405,10709173
GR,1997,Greece,0,3983,0,restricted,17055.2531766325,0.8453415246,10776504
GR,1998,Greece,0,4418,0,restricted,17651.6096328046,0.7144979087,10834880
GR,1999,Greece,0,4474,0,restricted,18114.4486213901,0.7684878348,10882580
GR,2000,Greece,2,4962,0.4030632809,restricted,18772.8993054613,0.8224777609,10917482
GR,2001,Greece,2,5394,0.3707823508,restricted,19413.4681643931,0.766555981,10951764
GR,2002,Greece,10,5826,1.716443529,restricted,19969.1690168933,0.7106342011,10983723
GR,2003,Greece,9,6209,1.4495087776,restricted,21227.8026464878,0.7998586184,11018324
GR,2004,Greece,11,7011,1.5689630581,restricted,22203.758691066,0.9166501748,11055729
GR,2005,Greece,14,7545,1.8555334659,restricted,22326.4864042401,0.7755234931,11092913
GR,2006,Greece,12,8600,1.3953488372,restricted,23550.4565870469,0.8586567473,11127947
GR,2007,Greece,18,9070,1.9845644983,restricted,24306.976935011,0.8397520867,11163002
GR,2008,Greece,21,9386,2.2373748136,restricted,24148.261103785,0.8364456177,11186439
GR,2009,Greece,22,9688,2.2708505367,restricted,23085.6292218772,0.6193619983,11187085
GR,2010,Greece,15,9842,1.5240804714,restricted,21893.651618456,0.6050667376,11153454
GR,2011,Greece,19,10010,1.8981018981,restricted,20007.2698183295,0.5480605148,11123213
GR,2012,Greece,24,10214,2.349716076,restricted,18743.6673237004,0.3932313618,11092771
GR,2013,Greece,18,10092,1.7835909631,restricted,18221.506036538,NA,11032328
GR,2014,Greece,18,9837,1.8298261665,restricted,NA,NA,NA
ID,1991,Indonesia,NA,NA,NA,NA,899.3589436789,NA,181786329
ID,1992,Indonesia,0,145,0,NA,947.9722621801,NA,184916848
ID,1993,Indonesia,0,203,0,NA,999.9620881784,NA,188019278
ID,1994,Indonesia,0,251,0,NA,1058.1033529944,NA,191085673
ID,1995,Indonesia,0,267,0,NA,1129.0606701909,NA,194112556
ID,1996,Indonesia,0,323,0,NA,1196.94410454,-0.3659989042,197097887
ID,1997,Indonesia,0,376,0,NA,1234.7029102396,-0.5426643161,200050444
ID,1998,Indonesia,0,359,0,NA,1057.0890512505,-0.7193297279,202990922
ID,1999,Indonesia,0,400,0,NA,1050.1598028761,-0.735249372,205946831
ID,2000,Indonesia,0,470,0,NA,1086.0508744084,-0.7511690161,208938698
ID,2001,Indonesia,0,498,0,NA,1109.5217589694,-0.8583818719,211970371
ID,2002,Indonesia,0,471,0,NA,1142.9028246067,-0.9655947277,215038285
ID,2003,Indonesia,0,482,0,NA,1180.4797085356,-0.8916786682,218145617
ID,2004,Indonesia,1,531,1.8832391714,NA,1222.229485212,-0.7688365526,221293797
ID,2005,Indonesia,0,578,0,NA,1273.4651482174,-0.8203102945,224480901
ID,2006,Indonesia,0,649,0,NA,1324.4667999257,-0.7287121566,227709821
ID,2007,Indonesia,0,663,0,NA,1388.6063613151,-0.6762373307,230972808
ID,2008,Indonesia,1,740,1.3513513514,NA,1451.558300122,-0.6595720323,234243489
ID,2009,Indonesia,0,915,0,NA,1498.0072107089,-0.5951360885,237486894
ID,2010,Indonesia,0,1035,0,NA,1570.1529027076,-0.6402983059,240676485
ID,2011,Indonesia,1,1146,0.872600349,NA,1650.5550050832,-0.6077479026,243801639
ID,2012,Indonesia,2,1352,1.4792899408,NA,1732.1812692339,-0.5971459826,246864191
ID,2013,Indonesia,2,1565,1.2779552716,NA,1810.3122968051,NA,249865631
ID,2014,Indonesia,0,1649,0,NA,NA,NA,NA
IE,1991,Ireland,NA,NA,NA,restricted,24101.0731854542,NA,3534235
IE,1992,Ireland,0,2372,0,restricted,24737.4879262257,NA,3558430
IE,1993,Ireland,0,2449,0,restricted,25276.9112602538,NA,3576261
IE,1994,Ireland,0,2665,0,restricted,26626.6405063134,NA,3590386
IE,1995,Ireland,0,2939,0,restricted,29042.6807325581,NA,3608841
IE,1996,Ireland,1,3545,0.2820874471,restricted,31431.2810861802,1.4666485649,3637510
IE,1997,Ireland,5,3569,1.4009526478,restricted,34471.545237833,1.466649,3674171
IE,1998,Ireland,3,3995,0.7509386733,restricted,37030.1777380234,1.5891132512,3712696
IE,1999,Ireland,4,3972,1.0070493454,restricted,40350.3402398874,1.589113,3754786
IE,2000,Ireland,6,4237,1.4160962945,restricted,43606.8896170459,1.5099666902,3805174
IE,2001,Ireland,3,4224,0.7102272727,restricted,45181.287407111,1.509967,3866243
IE,2002,Ireland,5,4397,1.1371389584,restricted,47020.0452718148,1.5904329895,3931947
IE,2003,Ireland,11,4548,2.4186455585,restricted,47628.3383609292,1.4841700925,3996521
IE,2004,Ireland,12,5222,2.2979701264,restricted,48906.56365802,1.5303829274,4070262
IE,2005,Ireland,7,5603,1.2493307157,restricted,50567.8122999107,1.5801555537,4159914
IE,2006,Ireland,6,6042,0.9930486594,restricted,51915.2759986177,1.6950418444,4273591
IE,2007,Ireland,10,6452,1.5499070056,restricted,52923.5044480029,1.7095720567,4398942
IE,2008,Ireland,7,7092,0.9870276368,restricted,50502.2187208365,1.6911563226,4489544
IE,2009,Ireland,6,7484,0.8017103153,restricted,46807.0653234758,1.7419175587,4535375
IE,2010,Ireland,16,8355,1.9150209455,restricted,46424.4594887763,1.7683802552,4560155
IE,2011,Ireland,7,8915,0.7851934941,restricted,47538.2274096252,1.765278674,4576794
IE,2012,Ireland,6,9004,0.666370502,restricted,47285.0061312132,1.7297383928,4586897
IE,2013,Ireland,11,9411,1.1688449687,restricted,47257.2793803152,1.7208665609,4597558
IE,2014,Ireland,14,9349,1.4974863622,restricted,NA,NA,NA
IL,1991,Israel,NA,NA,NA,prob. not allowed,13689.5106113396,NA,4949000
IL,1992,Israel,0,7197,0,prob. not allowed,13968.8043627099,NA,5123000
IL,1993,Israel,0,7738,0,prob. not allowed,14358.2596210159,NA,5261000
IL,1994,Israel,0,7775,0,prob. not allowed,14961.1080218174,NA,5399000
IL,1995,Israel,0,8328,0,prob. not allowed,17747.0358417017,NA,5545000
IL,1996,Israel,0,9374,0,prob. not allowed,18290.2078762953,1.2463200837,5692000
IL,1997,Israel,2,10022,0.1995609659,prob. not allowed,18529.7569720064,1.1232147131,5836000
IL,1998,Israel,5,10272,0.4867601246,prob. not allowed,18895.1703035944,1.0001093424,5971000
IL,1999,Israel,6,10409,0.5764242482,prob. not allowed,19095.1734582575,0.9898584255,6125000
IL,2000,Israel,4,10841,0.3689696522,prob. not allowed,20256.6927249461,0.9796075085,6289000
IL,2001,Israel,8,10672,0.7496251874,prob. not allowed,19806.7147401775,1.0218933098,6439000
IL,2002,Israel,6,11035,0.5437245129,prob. not allowed,19399.9344438534,1.064179111,6570000
IL,2003,Israel,10,11445,0.873743993,prob. not allowed,19258.0091878419,0.8878532206,6689700
IL,2004,Israel,13,11673,1.1136811445,prob. not allowed,19876.666500431,0.8695904929,6809000
IL,2005,Israel,13,11562,1.1243729459,prob. not allowed,20376.6997366445,0.8134417546,6930100
IL,2006,Israel,11,12222,0.9000163639,prob. not allowed,21176.796302296,0.8869498341,7053700
IL,2007,Israel,6,12219,0.4910385465,prob. not allowed,22107.8377416625,0.8104970895,7180100
IL,2008,Israel,16,12694,1.2604380022,prob. not allowed,22478.8332683017,0.8271376313,7308800
IL,2009,Israel,13,12719,1.0220929318,prob. allowed,22365.8488514303,0.8225908269,7485600
IL,2010,Israel,15,13194,1.1368804002,prob. allowed,23223.8630769395,0.898706567,7623600
IL,2011,Israel,23,13487,1.7053458886,prob. allowed,23754.0712787599,0.9992823196,7765800
IL,2012,Israel,23,14004,1.6423878892,prob. allowed,24018.1633749941,0.9168921775,7910500
IL,2013,Israel,20,14394,1.3894678338,prob. allowed,24340.186020356,NA,8059400
IL,2014,Israel,22,14679,1.4987396962,prob. allowed,NA,NA,NA
IN,1991,India,NA,NA,NA,prob. not allowed,399.3268859586,NA,886348712
IN,1992,India,0,12241,0,prob. not allowed,413.1093458262,NA,903749636
IN,1993,India,0,12339,0,prob. not allowed,424.5805261289,NA,921107534
IN,1994,India,0,12590,0,prob. not allowed,444.4831328004,NA,938452550
IN,1995,India,0,12679,0,prob. not allowed,469.4700613654,NA,955804355
IN,1996,India,0,15666,0,prob. not allowed,495.9143631257,0.2591849442,973147577
IN,1997,India,0,15678,0,prob. not allowed,506.9787202391,0.2743789972,990460131
IN,1998,India,0,16371,0,prob. not allowed,529.0980839824,0.2895730501,1007746556
IN,1999,India,3,16764,0.1789549034,prob. not allowed,566.1987567544,0.284624511,1025014711
IN,2000,India,3,16815,0.178412132,prob. not allowed,578.2172334436,0.2796759718,1042261758
IN,2001,India,7,17806,0.3931259126,prob. not allowed,596.2482231597,0.1219677835,1059500888
IN,2002,India,7,18925,0.3698811096,prob. not allowed,609.0393975339,-0.0357404048,1076705723
IN,2003,India,12,20830,0.5760921747,prob. not allowed,646.6535970996,0.0984761231,1093786762
IN,2004,India,21,22293,0.9419997309,prob. not allowed,687.3061599399,0.0381588989,1110626108
IN,2005,India,19,24244,0.7836990596,prob. not allowed,740.1142605892,0.1595477839,1127143548
IN,2006,India,19,27407,0.6932535484,prob. not allowed,797.2578407029,0.1851329294,1143289350
IN,2007,India,23,32053,0.7175615387,prob. not allowed,863.4626403238,0.1053115525,1159095250
IN,2008,India,22,36529,0.6022612171,prob. not allowed,885.1714167421,0.0868716942,1174662334
IN,2009,India,22,38215,0.575690174,prob. not allowed,947.7458683139,0.0234900239,1190138069
IN,2010,India,24,41485,0.5785223575,prob. not allowed,1031.5611346497,-0.0413999823,1205624648
IN,2011,India,35,45318,0.7723200494,prob. not allowed,1086.0485972701,-0.1118948545,1221156319
IN,2012,India,40,47415,0.8436148898,prob. not allowed,1123.2023338262,-0.1047110375,1236686732
IN,2013,India,68,51754,1.3139081037,prob. not allowed,1164.996268338,NA,1252139596
IN,2014,India,61,55486,1.0993764193,prob. not allowed,NA,NA,NA
IR,1991,Iran,NA,NA,NA,NA,1988.9341852452,NA,57472293
IR,1992,Iran,0,210,0,NA,2043.7857214133,NA,58307457
IR,1993,Iran,0,279,0,NA,1988.5601817007,NA,58982430
IR,1994,Iran,0,320,0,NA,1958.9819147192,NA,59663107
IR,1995,Iran,0,421,0,NA,1984.1681622586,NA,60468352
IR,1996,Iran,0,553,0,NA,2091.4215770733,-0.8461865047,61440887
IR,1997,Iran,0,677,0,NA,2124.1262648893,-0.7285961133,62542531
IR,1998,Iran,0,892,0,NA,2142.2347302741,-0.6110057218,63713397
IR,1999,Iran,0,1079,0,NA,2145.0999111653,-0.5153669096,64858754
IR,2000,Iran,0,1343,0,NA,2219.4170518708,-0.4197280974,65911052
IR,2001,Iran,0,1603,0,NA,2268.2867067599,-0.5700461903,66857624
IR,2002,Iran,0,2141,0,NA,2407.4471712335,-0.7203642832,67727274
IR,2003,Iran,0,2936,0,NA,2548.0337076168,-0.6079329333,68543171
IR,2004,Iran,0,3589,0,NA,2646.7262032222,-0.6308465387,69342126
IR,2005,Iran,2,4694,0.4260758415,NA,2737.1121175875,-0.7721853954,70152384
IR,2006,Iran,5,6153,0.8126117341,NA,2864.7783078274,-0.9017338631,70976584
IR,2007,Iran,5,8984,0.5565449688,NA,3053.1245679643,-0.9234592883,71809219
IR,2008,Iran,14,11256,1.2437810945,NA,3034.8390487098,-0.8549020395,72660887
IR,2009,Iran,15,14429,1.039573082,NA,3116.5780016185,-0.9443582748,73542954
IR,2010,Iran,22,17043,1.2908525494,NA,3259.3987232145,-0.9839989907,74462314
IR,2011,Iran,32,21662,1.477241252,NA,3314.3627720777,-0.9405430219,75424285
IR,2012,Iran,42,24269,1.7306028267,NA,3369.1177246426,-0.9005923426,76424443
IR,2013,Iran,46,25821,1.7814956818,NA,3131.7986323196,NA,77447168
IR,2014,Iran,50,26921,1.8572861335,NA,NA,NA,NA
IT,1991,Italy,NA,NA,NA,restricted,26864.8170881335,NA,56758521
IT,1992,Italy,0,19354,0,restricted,27070.5499029979,NA,56797087
IT,1993,Italy,0,20124,0,restricted,26823.2870379957,NA,56831821
IT,1994,Italy,0,21637,0,restricted,27394.6808507657,NA,56843400
IT,1995,Italy,0,23459,0,restricted,28185.0728212715,NA,56844303
IT,1996,Italy,0,27368,0,restricted,28539.7569869547,0.9821561673,56860281
IT,1997,Italy,2,28423,0.070365549,restricted,29048.3415466794,0.8692809986,56890372
IT,1998,Italy,3,29537,0.1015675255,restricted,29509.6069616656,0.7564058299,56906744
IT,1999,Italy,8,30261,0.2643666766,restricted,29965.2408634064,0.7795735498,56916317
IT,2000,Italy,14,31296,0.4473415133,restricted,31062.9287793743,0.8027412696,56942108
IT,2001,Italy,10,32433,0.3083279376,restricted,31595.8670259688,0.7520854892,56974100
IT,2002,Italy,26,33438,0.7775584664,restricted,31627.9712267363,0.7014297088,57059007
IT,2003,Italy,24,36327,0.6606656206,restricted,31535.745691754,0.661473908,57313203
IT,2004,Italy,44,37845,1.1626370723,restricted,31828.4008848285,0.5786158567,57685327
IT,2005,Italy,31,39153,0.7917656374,restricted,31973.1309081835,0.4683192721,57969484
IT,2006,Italy,37,40988,0.9027032302,restricted,32516.764301809,0.3510655843,58143979
IT,2007,Italy,35,43594,0.8028627793,restricted,32829.9291088519,0.4351668739,58438310
IT,2008,Italy,29,45720,0.634295713,restricted,32270.7720113665,0.4173151663,58826731
IT,2009,Italy,40,47622,0.8399479232,restricted,30363.2397471019,0.3509370583,59095365
IT,2010,Italy,50,49116,1.0179982083,restricted,30787.7664630476,0.3782627588,59277417
IT,2011,Italy,59,51516,1.1452752543,restricted,30915.2309466781,0.4206147173,59379449
IT,2012,Italy,70,54285,1.2894906512,restricted,30132.8746123683,0.3607524643,59539717
IT,2013,Italy,59,58647,1.0060190632,restricted,29408.8950747289,NA,59831093
IT,2014,Italy,64,59139,1.0821961819,restricted,NA,NA,NA
JP,1991,Japan,NA,NA,NA,prob. not allowed,32110.3592241024,NA,123921000
JP,1992,Japan,0,46293,0,prob. not allowed,32293.0896507801,NA,124229000
JP,1993,Japan,0,48129,0,prob. not allowed,32268.587579131,NA,124536000
JP,1994,Japan,0,51015,0,prob. not allowed,32437.7155585176,NA,124961000
JP,1995,Japan,0,53152,0,prob. not allowed,32941.7587927201,NA,125439000
JP,1996,Japan,4,63018,0.0634739281,prob. not allowed,33715.010774323,1.3182595793,125761000
JP,1997,Japan,3,64850,0.0462606014,prob. not allowed,34163.3316905444,1.3251037824,126091000
JP,1998,Japan,13,68742,0.189112915,prob. not allowed,33394.5042653898,1.3319479855,126410000
JP,1999,Japan,20,70847,0.2822984742,prob. not allowed,33264.7805766549,1.3129606497,126650000
JP,2000,Japan,30,72669,0.4128307807,prob. not allowed,33956.7461677317,1.2939733139,126870000
JP,2001,Japan,11,72262,0.1522238521,prob. not allowed,34002.6740703698,1.214932631,127149000
JP,2002,Japan,31,73505,0.4217400177,prob. not allowed,34021.9260111241,1.1358919481,127445000
JP,2003,Japan,35,75529,0.4633981649,prob. not allowed,34521.2854110893,1.1761608678,127718000
JP,2004,Japan,38,75989,0.5000723789,prob. not allowed,35324.3468168764,1.2647976224,127761000
JP,2005,Japan,50,75639,0.6610346514,prob. not allowed,35781.1662651372,1.2402698689,127773000
JP,2006,Japan,44,75742,0.580919437,prob. not allowed,36391.7490136309,1.3510188852,127756000
JP,2007,Japan,36,74354,0.4841703204,prob. not allowed,37185.2307245391,1.325846584,127770750
JP,2008,Japan,28,74547,0.3756019692,prob. not allowed,36817.1184362254,1.3192912093,127704040
JP,2009,Japan,37,73952,0.5003245348,prob. not allowed,34822.0782995634,1.2970617254,127557958
JP,2010,Japan,31,72959,0.4248961746,def. allowed,36472.7491576374,1.3257570242,127450459
JP,2011,Japan,51,74922,0.6807079363,def. allowed,36203.4300656211,1.2954337376,127817277
JP,2012,Japan,38,75602,0.5026322055,def. allowed,36912.1946197348,1.3230865508,127561489
JP,2013,Japan,39,77033,0.5062765308,def. allowed,37573.3697541791,NA,127338621
JP,2014,Japan,46,75242,0.6113606762,def. allowed,NA,NA,NA
KR,1991,South Korea,NA,NA,NA,prob. not allowed,9591.2628771022,NA,43295704
KR,1992,South Korea,0,2132,0,prob. not allowed,10039.35293264,NA,43747962
KR,1993,South Korea,0,283,0,prob. not allowed,10566.8953221176,NA,44194628
KR,1994,South Korea,0,3627,0,prob. not allowed,11378.7460895658,NA,44641540
KR,1995,South Korea,0,528,0,prob. not allowed,12270.8465202568,NA,45092991
KR,1996,South Korea,0,7224,0,prob. not allowed,13027.8989612898,0.7524948172,45524681
KR,1997,South Korea,5,8819,0.566957705,prob. not allowed,13650.578724677,0.7420512031,45953580
KR,1998,South Korea,3,10587,0.2833663927,prob. not allowed,12778.0247982644,0.7316075889,46286503
KR,1999,South Korea,3,12345,0.2430133657,prob. not allowed,14048.9671706543,0.7810008896,46616677
KR,2000,South Korea,6,13715,0.4374772147,prob. not allowed,15162.3542860167,0.8303941903,47008111
KR,2001,South Korea,12,16034,0.7484096295,prob. not allowed,15731.6197729743,0.8725969933,47357362
KR,2002,South Korea,13,17516,0.7421785796,prob. not allowed,16806.8798022886,0.9147997962,47622179
KR,2003,South Korea,22,20544,1.0708722741,prob. not allowed,17214.1435128314,0.7806298944,47859311
KR,2004,South Korea,37,24085,1.5362258667,prob. not allowed,17989.9114082991,0.9125680747,48039415
KR,2005,South Korea,62,26176,2.3685819071,prob. not allowed,18657.4611334784,0.9667598547,48138077
KR,2006,South Korea,60,28456,2.1085184144,prob. not allowed,19528.3219618009,0.8386091198,48371946
KR,2007,South Korea,18,29182,0.6168185868,prob. not allowed,20499.5813864616,1.0182418633,48597652
KR,2008,South Korea,33,33799,0.9763602473,prob. not allowed,20928.3819689074,0.8524674151,48948698
KR,2009,South Korea,38,37037,1.026001026,prob. not allowed,20976.4586937755,0.9777076339,49182038
KR,2010,South Korea,44,40681,1.0815859984,prob. not allowed,22236.0232375838,0.9900965883,49410366
KR,2011,South Korea,63,44819,1.4056538522,prob. not allowed,22883.7562107558,1.0230045899,49779440
KR,2012,South Korea,61,48797,1.250076849,prob. allowed,23303.0107763725,0.9688396724,50004441
KR,2013,South Korea,44,50942,0.8637273762,prob. allowed,23892.5311961531,NA,50219669
KR,2014,South Korea,59,53491,1.1029892879,prob. allowed,NA,NA,NA
MX,1991,Mexico,NA,NA,NA,restricted,6661.0840265585,NA,87890094
MX,1992,Mexico,0,2980,0,restricted,6759.1480243494,NA,89757916
MX,1993,Mexico,0,3337,0,restricted,6888.1705486185,NA,91653826
MX,1994,Mexico,0,3476,0,restricted,7068.2180297781,NA,93541577
MX,1995,Mexico,0,4045,0,restricted,6531.9232685239,NA,95392647
MX,1996,Mexico,0,4849,0,restricted,6786.9605720553,-0.7594736043,97201533
MX,1997,Mexico,1,5204,0.192159877,restricted,7129.9144964305,-0.6708603693,98968558
MX,1998,Mexico,2,5810,0.3442340792,restricted,7338.3355903311,-0.5822471342,100678867
MX,1999,Mexico,2,6241,0.3204614645,restricted,7413.4429075771,-0.5148636543,102316781
MX,2000,Mexico,1,6415,0.1558846454,restricted,7689.0986116281,-0.4474801744,103873607
MX,2001,Mexico,0,6777,0,restricted,7536.1619561396,-0.4005269943,105339877
MX,2002,Mexico,2,7066,0.2830455703,restricted,7448.2603159687,-0.3535738141,106723661
MX,2003,Mexico,1,7761,0.1288493751,restricted,7461.0588459164,-0.3885739671,108056312
MX,2004,Mexico,7,8377,0.8356213442,restricted,7687.2852303174,-0.3802797953,109381550
MX,2005,Mexico,3,8824,0.3399818676,restricted,7823.8254978772,-0.406518916,110731826
MX,2006,Mexico,5,9001,0.555493834,restricted,8113.6517530459,-0.4576300805,112116694
MX,2007,Mexico,2,10000,0.2,restricted,8264.916370467,-0.5371733445,113529819
MX,2008,Mexico,4,10737,0.372543541,restricted,8275.8094580455,-0.7213766039,114968039
MX,2009,Mexico,5,10912,0.4582111437,restricted,7788.2717608527,-0.6062816111,116422752
MX,2010,Mexico,10,11438,0.8742787201,restricted,8084.6290001796,-0.577743978,117886404
MX,2011,Mexico,10,12430,0.8045052293,restricted,8307.6869959244,-0.5533247296,119361233
MX,2012,Mexico,12,13308,0.9017132552,restricted,8532.3478029543,-0.5583084708,120847477
MX,2013,Mexico,13,14032,0.9264538198,restricted,8519.0016319445,NA,122332399
MX,2014,Mexico,12,14681,0.8173830121,restricted,NA,NA,NA
MY,1991,Malaysia,NA,NA,NA,prob. not allowed,3355.5713549018,NA,18709963
MY,1992,Malaysia,0,324,0,prob. not allowed,3559.5170746124,NA,19205112
MY,1993,Malaysia,0,377,0,prob. not allowed,3813.1890652444,NA,19701410
MY,1994,Malaysia,0,452,0,prob. not allowed,4060.3558306002,NA,20206546
MY,1995,Malaysia,0,558,0,prob. not allowed,4347.8159993046,NA,20725374
MY,1996,Malaysia,0,620,0,prob. not allowed,4662.4809899665,0.6069568886,21259831
MY,1997,Malaysia,0,632,0,prob. not allowed,4878.608007171,0.4820729578,21805835
MY,1998,Malaysia,0,745,0,prob. not allowed,4408.5335609024,0.3571890269,22355057
MY,1999,Malaysia,0,899,0,prob. not allowed,4568.553441004,0.3345126358,22896048
MY,2000,Malaysia,0,867,0,prob. not allowed,4861.8575912666,0.3118362448,23420751
MY,2001,Malaysia,1,964,1.0373443983,prob. not allowed,4783.8777335947,0.4040220209,23925742
MY,2002,Malaysia,2,1011,1.978239367,prob. not allowed,4940.9865346048,0.4962077971,24413795
MY,2003,Malaysia,1,1190,0.8403361345,prob. not allowed,5126.8559161186,0.570832799,24890654
MY,2004,Malaysia,1,1382,0.7235890014,prob. not allowed,5372.2340834666,0.5864040645,25365089
MY,2005,Malaysia,1,1599,0.6253908693,prob. not allowed,5553.9435820831,0.574832853,25843466
MY,2006,Malaysia,3,1877,1.5982951518,prob. not allowed,5756.3981859694,0.5293895957,26327098
MY,2007,Malaysia,2,2249,0.8892841263,prob. not allowed,6007.9104203165,0.5012849131,26813819
MY,2008,Malaysia,5,2913,1.716443529,prob. not allowed,6185.5032901221,0.3964552734,27302348
MY,2009,Malaysia,5,4341,1.1518083391,prob. not allowed,5984.9057798922,0.4878837418,27790324
MY,2010,Malaysia,7,5962,1.1741026501,prob. not allowed,6318.9479050844,0.5263307311,28275835
MY,2011,Malaysia,14,7820,1.7902813299,prob. not allowed,6535.0666451842,0.5199889683,28758968
MY,2012,Malaysia,24,8204,2.9254022428,prob. not allowed,6790.3845113489,0.5061456571,29239927
MY,2013,Malaysia,11,9279,1.1854725725,prob. not allowed,6997.6715880327,0.4759091139,29716965
MY,2014,Malaysia,15,10511,1.4270763962,prob. not allowed,NA,NA,NA
NG,1991,Nigeria,NA,NA,NA,NA,571.6511442596,NA,98085373
NG,1992,Nigeria,0,899,0,NA,559.8225774565,NA,100592242
NG,1993,Nigeria,0,799,0,NA,557.3815447814,NA,103144749
NG,1994,Nigeria,0,692,0,NA,548.5813480188,NA,105752796
NG,1995,Nigeria,0,682,0,NA,533.4169110881,NA,108424827
NG,1996,Nigeria,0,780,0,NA,546.2431225821,-1.263811829,111166210
NG,1997,Nigeria,0,811,0,NA,547.689927152,-1.2676853263,113979481
NG,1998,Nigeria,0,771,0,NA,548.6618096374,-1.2715588235,116867371
NG,1999,Nigeria,0,808,0,NA,537.6260744481,-1.1881571179,119831888
NG,2000,Nigeria,0,816,0,NA,552.1868740327,-1.1047554122,122876727
NG,2001,Nigeria,0,683,0,NA,562.2306130865,-1.2933264643,126004992
NG,2002,Nigeria,0,773,0,NA,568.9708583692,-1.4818975163,129224641
NG,2003,Nigeria,0,772,0,NA,612.1304068484,-1.5228529461,132550146
NG,2004,Nigeria,1,884,1.131222,NA,797.8757194589,-1.4320296785,135999250
NG,2005,Nigeria,0,1044,0,NA,804.1523666792,-1.3612995214,139585891
NG,2006,Nigeria,0,1184,0,NA,847.5391425661,-1.0811208335,143314909
NG,2007,Nigeria,0,1660,0,NA,881.5914286389,-1.0652075788,147187353
NG,2008,Nigeria,0,2089,0,NA,911.9575296672,-1.0595309737,151208080
NG,2009,Nigeria,0,2199,0,NA,949.0064109539,-1.1641807784,155381020
NG,2010,Nigeria,0,2399,0,NA,995.6802013954,-1.173352636,159707780
NG,2011,Nigeria,0,2255,0,NA,1015.8153456707,-1.2143006855,164192925
NG,2012,Nigeria,0,1932,0,NA,1030.1676031594,-1.1806831879,168833776
NG,2013,Nigeria,0,1897,0,NA,1055.8366109264,-1.1576594114,173615345
NG,2014,Nigeria,3,2227,1.347103727,NA,NA,NA,NA
NL,1991,Netherlands,NA,NA,NA,restricted,31502.7342233026,NA,15069798
NL,1992,Netherlands,0,13507,0,restricted,31798.8646473572,NA,15184166
NL,1993,Netherlands,0,14118,0,restricted,31975.109753467,NA,15290368
NL,1994,Netherlands,0,14833,0,restricted,32724.0205752559,NA,15382838
NL,1995,Netherlands,1,15558,0.0642756138,restricted,33577.4543282528,NA,15459006
NL,1996,Netherlands,0,17541,0,restricted,34443.2048627925,1.6502749765,15530498
NL,1997,Netherlands,1,17850,0.056022409,restricted,35645.3597775621,1.6951921336,15610650
NL,1998,Netherlands,3,18394,0.163096662,restricted,36980.9583307363,1.7401092907,15707209
NL,1999,Netherlands,7,18306,0.382388288,restricted,38400.3749265125,1.7295761836,15812088
NL,2000,Netherlands,10,18747,0.5334186803,restricted,39795.8100389531,1.7190430765,15925513
NL,2001,Netherlands,7,18720,0.3739316239,restricted,40137.9785669272,1.7054002586,16046180
NL,2002,Netherlands,10,19591,0.5104384666,restricted,39869.1956047422,1.6917574406,16148929
NL,2003,Netherlands,21,20344,1.0322453795,restricted,39787.014092585,1.7070298213,16225302
NL,2004,Netherlands,9,21310,0.422336931,restricted,40385.4176917491,1.755886937,16281779
NL,2005,Netherlands,10,22768,0.4392129304,restricted,41198.700847217,1.7469640599,16319868
NL,2006,Netherlands,18,23587,0.7631322339,restricted,42704.3759415317,1.764216871,16346101
NL,2007,Netherlands,17,24357,0.6979513076,restricted,44401.2984126372,1.7625389115,16381696
NL,2008,Netherlands,19,25789,0.736748226,restricted,45147.829395122,1.7451158468,16445593
NL,2009,Netherlands,18,27720,0.6493506494,restricted,43434.8633187896,1.8049878901,16530388
NL,2010,Netherlands,15,29916,0.501403931,restricted,43675.2416049446,1.810376433,16615394
NL,2011,Netherlands,15,31399,0.4777222205,restricted,44195.2137402571,1.8135887614,16693074
NL,2012,Netherlands,21,33748,0.6222590968,restricted,43333.7492999022,1.8414704936,16754962
NL,2013,Netherlands,27,35384,0.7630567488,restricted,42893.2419979588,NA,16804224
NL,2014,Netherlands,27,35560,0.75928009,restricted,NA,NA,NA
NO,1991,Norway,NA,NA,NA,restricted,45858.4077305232,NA,4261732
NO,1992,Norway,0,3373,0,restricted,47200.8497337085,NA,4286401
NO,1993,Norway,0,3465,0,restricted,48228.2182397254,NA,4311991
NO,1994,Norway,0,3741,0,restricted,50376.7735804024,NA,4336613
NO,1995,Norway,0,4119,0,restricted,52213.9566648975,NA,4359184
NO,1996,Norway,0,4400,0,restricted,54599.2935062334,1.8888964229,4381336
NO,1997,Norway,1,4487,0.2228660575,restricted,57232.4588267483,1.9257777638,4405157
NO,1998,Norway,2,4841,0.4131377815,restricted,58418.9886962909,1.9626591046,4431464
NO,1999,Norway,0,4831,0,restricted,59195.6943196148,1.8863884379,4461913
NO,2000,Norway,0,4806,0,restricted,60726.2525932516,1.8101177712,4490967
NO,2001,Norway,0,5147,0,restricted,61622.1392423033,1.8249142202,4513751
NO,2002,Norway,0,5117,0,restricted,62211.3226716741,1.8397106692,4538159
NO,2003,Norway,1,5297,0.1887861053,restricted,62454.1503450643,1.889858717,4564855
NO,2004,Norway,0,5829,0,restricted,64545.4301944048,1.9875124658,4591910
NO,2005,Norway,3,6343,0.4729623207,restricted,65767.0196076045,1.9071064926,4623291
NO,2006,Norway,5,7001,0.714183688,restricted,66739.1771128365,1.9574647848,4660677
NO,2007,Norway,2,7486,0.2671653754,restricted,67804.5455404404,1.9156585352,4709153
NO,2008,Norway,5,8108,0.616674889,restricted,67010.000607825,1.9573257792,4768212
NO,2009,Norway,5,8784,0.5692167577,restricted,65088.3867202594,1.8899805299,4828726
NO,2010,Norway,3,9440,0.3177966102,restricted,64589.9746599655,1.9172503901,4889252
NO,2011,Norway,5,10358,0.4827186716,restricted,64612.6477833965,1.8931629636,4953088
NO,2012,Norway,5,11007,0.4542563823,restricted,65616.5015332378,1.9490639329,5018573
NO,2013,Norway,4,11437,0.3497420652,restricted,65188.5179390555,NA,5084190
NO,2014,Norway,5,11812,0.4232983407,restricted,NA,NA,NA
PL,1991,Poland,NA,NA,NA,restricted,4411.4117172088,NA,38246193
PL,1992,Poland,0,5486,0,restricted,4508.5097947302,NA,38363667
PL,1993,Poland,0,5647,0,restricted,4665.1662079272,NA,38461408
PL,1994,Poland,0,6030,0,restricted,4901.7300458656,NA,38542652
PL,1995,Poland,0,7146,0,restricted,5235.3809538762,NA,38594998
PL,1996,Poland,0,7752,0,restricted,5557.7823688833,0.6683445955,38624370
PL,1997,Poland,0,8093,0,restricted,5947.7280370638,0.7155032682,38649660
PL,1998,Poland,2,8552,0.2338634238,restricted,6241.7900309956,0.7626619409,38663481
PL,1999,Poland,4,9206,0.4344992396,restricted,6524.7227184098,0.7054434673,38660271
PL,2000,Poland,9,9801,0.9182736455,restricted,6874.077953289,0.6482249936,38258629
PL,2001,Poland,6,10834,0.5538120731,restricted,6958.8508069419,0.63827712,38248076
PL,2002,Poland,11,11240,0.9786476868,restricted,7062.5723130895,0.6283292464,38230364
PL,2003,Poland,11,12394,0.8875262224,restricted,7319.1169825799,0.5145717926,38204570
PL,2004,Poland,17,13570,1.2527634488,restricted,7699.5055101048,0.402697388,38182222
PL,2005,Poland,25,13563,1.8432500184,restricted,7976.1160714021,0.4242992852,38165445
PL,2006,Poland,22,14882,1.478295928,restricted,8475.4160701302,0.3537599479,38141267
PL,2007,Poland,11,15824,0.6951466127,restricted,9090.7296834941,0.3681654702,38120560
PL,2008,Poland,13,17992,0.7225433526,restricted,9445.8333756445,0.5092312684,38125759
PL,2009,Poland,16,18227,0.8778186207,restricted,9688.0798507742,0.5966590705,38151603
PL,2010,Poland,24,19085,1.2575320933,restricted,10037.9919270727,0.6578375438,38183683
PL,2011,Poland,15,20164,0.7439000198,restricted,10420.3361306771,0.7513345317,38534157
PL,2012,Poland,24,21940,1.0938924339,restricted,10603.3788243571,0.7448213668,38535873
PL,2013,Poland,21,22864,0.9184744577,restricted,10781.6966719781,NA,38530725
PL,2014,Poland,28,23973,1.1679806449,restricted,NA,NA,NA
PT,1991,Portugal,NA,NA,NA,restricted,14901.7111137773,NA,9960235
PT,1992,Portugal,0,1034,0,restricted,15075.778496884,NA,9952494
PT,1993,Portugal,0,1175,0,restricted,14749.686226851,NA,9964675
PT,1994,Portugal,0,1350,0,restricted,14851.9779133419,NA,9991525
PT,1995,Portugal,0,1579,0,restricted,15434.5279682388,NA,10026176
PT,1996,Portugal,0,1908,0,restricted,15914.2748823919,1.2315478921,10063945
PT,1997,Portugal,0,2198,0,restricted,16544.6437085549,1.2271734209,10108977
PT,1998,Portugal,1,2425,0.412371134,restricted,17250.0247943529,1.2227989497,10160196
PT,1999,Portugal,0,2998,0,restricted,17819.6635187254,1.1949976637,10217828
PT,2000,Portugal,2,3222,0.6207324643,restricted,18365.0470612748,1.1671963776,10289898
PT,2001,Portugal,0,3560,0,restricted,18590.3676340927,1.2306297662,10362722
PT,2002,Portugal,2,3976,0.5030181087,restricted,18630.9736726927,1.2940631547,10419631
PT,2003,Portugal,11,4463,2.4647098364,restricted,18387.7625538978,1.2793631532,10458821
PT,2004,Portugal,7,5035,1.3902681231,restricted,18676.1587050638,1.2459382553,10483861
PT,2005,Portugal,8,5287,1.5131454511,restricted,18784.4812816727,1.1975255797,10503330
PT,2006,Portugal,8,6506,1.2296341838,restricted,19041.844459306,0.9529392469,10522288
PT,2007,Portugal,6,6370,0.9419152276,restricted,19478.0936743174,0.978390443,10542964
PT,2008,Portugal,5,7453,0.6708707903,restricted,19488.7869284805,0.9933629454,10558177
PT,2009,Portugal,10,8348,1.1978917106,restricted,18890.3732806045,1.0464419307,10568247
PT,2010,Portugal,2,2101,0.9519276535,restricted,19240.2081206953,1.0432232286,10573100
PT,2011,Portugal,8,10301,0.7766236288,restricted,18916.5207105314,1.0260869771,10557560
PT,2012,Portugal,21,11568,1.8153526971,restricted,18363.6616039452,1.038413341,10514844
PT,2013,Portugal,22,12729,1.7283368686,restricted,18210.1470531244,NA,10459806
PT,2014,Portugal,24,12821,1.8719288667,restricted,NA,NA,NA
RU,1991,Russia,NA,NA,NA,restricted,5386.0674819202,NA,148624000
RU,1992,Russia,0,8608,0,restricted,4601.4016415107,NA,148689000
RU,1993,Russia,0,22726,0,restricted,4207.3093140249,NA,148520000
RU,1994,Russia,0,23365,0,restricted,3683.0236625845,NA,148336000
RU,1995,Russia,0,25342,0,restricted,3535.0636658843,NA,148141000
RU,1996,Russia,0,27036,0,restricted,3407.3614606184,-0.8702422481,148160126
RU,1997,Russia,1,27514,0.0363451334,restricted,3460.7815563526,-0.9185325473,147915373
RU,1998,Russia,1,27062,0.0369521839,restricted,3282.7885561118,-0.9668228464,147670780
RU,1999,Russia,1,26965,0.0370851103,restricted,3503.7063653067,-1.0466569964,147214777
RU,2000,Russia,1,27019,0.0370109923,restricted,3870.3219677631,-1.1264911463,146596870
RU,2001,Russia,2,25208,0.0793398921,restricted,4084.6845103317,-0.9968037292,145976473
RU,2002,Russia,6,25609,0.2342926315,restricted,4295.1740917791,-0.8671163121,145408033
RU,2003,Russia,5,24968,0.2002563281,restricted,4632.1352617924,-0.9326243997,144667468
RU,2004,Russia,3,24773,0.1210995842,restricted,4993.7466721031,-0.8640412969,143821212
RU,2005,Russia,7,24383,0.2870852643,restricted,5338.4121405105,-0.9053076703,143113885
RU,2006,Russia,5,23779,0.2102695656,restricted,5799.0671931504,-0.9306680813,142487260
RU,2007,Russia,5,25093,0.1992587574,restricted,6310.5132743042,-0.9494233258,142114903
RU,2008,Russia,11,26922,0.4085877721,restricted,6649.1015055832,-0.9334561978,141956409
RU,2009,Russia,6,27603,0.2173676774,restricted,6131.1199854258,-0.769146669,141909244
RU,2010,Russia,5,26845,0.1862544235,restricted,6385.8165858934,-0.768009335,142385523
RU,2011,Russia,6,28471,0.2107407537,restricted,6631.528001195,-0.7354701327,142956460
RU,2012,Russia,6,27705,0.2165674066,restricted,6848.7437973155,-0.8209158593,143178000
RU,2013,Russia,4,28983,0.138011938,restricted,6923.4933877904,NA,143499861
RU,2014,Russia,8,29824,0.2682403433,restricted,NA,NA,NA
SA,1991,Saudi Arabia,NA,NA,NA,NA,12891.4600837401,NA,16739895
SA,1992,Saudi Arabia,0,1069,0,NA,13078.9644890938,NA,17263613
SA,1993,Saudi Arabia,0,1100,0,NA,12718.0884829743,NA,17758096
SA,1994,Saudi Arabia,0,1087,0,NA,12493.9305080609,NA,18197011
SA,1995,Saudi Arabia,0,1279,0,NA,12269.3361079204,NA,18567343
SA,1996,Saudi Arabia,0,1449,0,NA,12495.397033577,0.2453676439,18848350
SA,1997,Saudi Arabia,0,1417,0,NA,12676.4437365845,0.2266331908,19060850
SA,1998,Saudi Arabia,0,1514,0,NA,12885.6105134066,0.2078987377,19282965
SA,1999,Saudi Arabia,0,1395,0,NA,12569.0231293726,0.0845475797,19620692
SA,2000,Saudi Arabia,0,1384,0,NA,12837.6738066872,-0.0388035784,20144584
SA,2001,Saudi Arabia,0,1305,0,NA,12446.4091935227,NA,20891594
SA,2002,Saudi Arabia,0,1401,0,NA,11929.2419366954,0.1120606664,21825217
SA,2003,Saudi Arabia,1,1423,0.7027406887,NA,12265.677326447,0.2381166985,22852333
SA,2004,Saudi Arabia,0,1398,0,NA,12845.997761567,0.1324362915,23839231
SA,2005,Saudi Arabia,0,1335,0,NA,13303.3097384511,0.1010398321,24690067
SA,2006,Saudi Arabia,3,1419,2.1141649049,NA,13667.7374240992,0.1087907441,25371936
SA,2007,Saudi Arabia,1,1551,0.6447453256,NA,14182.8268050512,0.1871016323,25915624
SA,2008,Saudi Arabia,1,1873,0.5339028297,NA,15115.1509912832,0.1888990262,26366358
SA,2009,Saudi Arabia,4,2243,1.7833259028,NA,15144.6351823787,0.1597855654,26796375
SA,2010,Saudi Arabia,5,3470,1.4409221902,NA,15994.7805574644,0.2595771722,27258387
SA,2011,Saudi Arabia,3,5648,0.5311614731,NA,17050.6652273189,0.1356713653,27761728
SA,2012,Saudi Arabia,5,7335,0.6816632584,NA,17706.2413506903,0.2420205584,28287855
SA,2013,Saudi Arabia,9,9057,0.9937065253,NA,18060.2340801688,NA,28828870
SA,2014,Saudi Arabia,16,11213,1.4269151877,NA,NA,NA,NA
SE,1991,Sweden,NA,NA,NA,restricted,31740.2463872097,NA,8617375
SE,1992,Sweden,0,10255,0,restricted,31189.0356403355,NA,8668067
SE,1993,Sweden,0,10850,0,restricted,30367.8880688618,NA,8718561
SE,1994,Sweden,0,11475,0,restricted,31385.3545146408,NA,8780745
SE,1995,Sweden,0,12304,0,restricted,32477.5386054065,NA,8826939
SE,1996,Sweden,0,13626,0,restricted,32918.07271348,1.7622750839,8840998
SE,1997,Sweden,2,13943,0.1434411533,restricted,33853.464978851,1.7665136705,8846062
SE,1998,Sweden,3,14577,0.2058036633,restricted,35264.7987511851,1.770752257,8850974
SE,1999,Sweden,2,14955,0.1337345369,restricted,36833.6334151103,1.7762801932,8857874
SE,2000,Sweden,6,14922,0.4020908725,restricted,38515.9149200316,1.7818081294,8872109
SE,2001,Sweden,4,15385,0.2599935002,restricted,39013.1970337866,1.8087156132,8895960
SE,2002,Sweden,5,15497,0.3226430922,restricted,39692.7799606641,1.835623097,8924958
SE,2003,Sweden,2,15516,0.1288992008,restricted,40488.8099398185,1.893730571,8958229
SE,2004,Sweden,7,15905,0.440113172,restricted,42072.345111273,1.8960507893,8993531
SE,2005,Sweden,8,16581,0.4824799469,restricted,43085.4204089721,1.7761837564,9029572
SE,2006,Sweden,5,17071,0.2928943823,restricted,44852.3217406428,1.8361804323,9080505
SE,2007,Sweden,8,17438,0.4587682074,restricted,46036.8639342302,1.8757643519,9148092
SE,2008,Sweden,8,17821,0.448908591,restricted,45425.1575791954,1.9129988754,9219637
SE,2009,Sweden,5,18516,0.270036725,restricted,42704.6611161108,1.9657564664,9298515
SE,2010,Sweden,9,19469,0.4622733576,restricted,44877.9805595938,1.9625309701,9378126
SE,2011,Sweden,10,20545,0.4867364322,restricted,45727.0977157729,1.9479234959,9449213
SE,2012,Sweden,12,22226,0.5399082156,restricted,45260.1124300558,1.9346359694,9519374
SE,2013,Sweden,15,23704,0.6328045899,restricted,45587.7584379294,NA,9592552
SE,2014,Sweden,24,24389,0.9840501866,restricted,NA,NA,NA
SG,1991,Singapore,NA,NA,NA,prob. not allowed,17164.7503048448,NA,3135100
SG,1992,Singapore,0,1004,0,prob. not allowed,17837.3956628008,NA,3230700
SG,1993,Singapore,0,1247,0,prob. not allowed,19398.2061442377,NA,3313500
SG,1994,Singapore,0,1445,0,prob. not allowed,20853.5821667192,NA,3419000
SG,1995,Singapore,0,1806,0,prob. not allowed,21651.094194786,NA,3524500
SG,1996,Singapore,2,1980,1.0101010101,prob. not allowed,22354.5498512449,1.2756549889,3670700
SG,1997,Singapore,1,2347,0.4260758415,prob. not allowed,23408.9240884409,1.2842365163,3796000
SG,1998,Singapore,5,2669,1.8733608093,prob. not allowed,22123.3781198617,1.2928180436,3927200
SG,1999,Singapore,3,3224,0.9305210918,prob. not allowed,23285.0740999187,1.2818032557,3958700
SG,2000,Singapore,8,3746,2.1356113187,prob. not allowed,24921.2385486373,1.2707884677,4027900
SG,2001,Singapore,6,4116,1.4577259475,prob. not allowed,24027.1497189153,1.3539193813,4138000
SG,2002,Singapore,8,4443,1.8005851902,prob. not allowed,24811.2517546211,1.4370502948,4176000
SG,2003,Singapore,13,4975,2.6130653266,prob. not allowed,26297.1007325556,1.6134737016,4114800
SG,2004,Singapore,12,5720,2.0979020979,prob. not allowed,28449.4242478654,1.7319019918,4166700
SG,2005,Singapore,15,6291,2.3843586075,prob. allowed,29869.6327635758,1.7638979555,4265800
SG,2006,Singapore,24,6714,3.5746201966,prob. allowed,31514.3712105453,1.625239367,4401400
SG,2007,Singapore,15,6687,2.243158367,prob. allowed,32982.9820884367,1.6431498135,4588600
SG,2008,Singapore,17,7405,2.2957461175,prob. allowed,31832.7061549154,1.6429900879,4839400
SG,2009,Singapore,16,8058,1.9856043683,prob. allowed,30700.4714216995,1.6040557346,4987600
SG,2010,Singapore,10,8901,1.1234692731,prob. allowed,34758.4043349153,1.6834772921,5076700
SG,2011,Singapore,26,9539,2.7256525841,prob. allowed,36102.7502340768,1.7256494176,5183700
SG,2012,Singapore,20,10466,1.910949742,prob. allowed,36110.1291189909,1.7724440752,5312400
SG,2013,Singapore,18,11321,1.5899655507,prob. allowed,36897.8741258095,NA,5399200
SG,2014,Singapore,27,11826,2.2831050228,prob. allowed,NA,NA,NA
TH,1991,Thailand,NA,NA,NA,restricted,1688.1243545061,NA,57184324
TH,1992,Thailand,0,466,0,restricted,1809.4984694738,NA,57661001
TH,1993,Thailand,0,498,0,restricted,1945.0176407315,NA,58069612
TH,1994,Thailand,0,563,0,restricted,2104.5428309916,NA,58491145
TH,1995,Thailand,0,586,0,restricted,2279.7420782174,NA,58983954
TH,1996,Thailand,0,734,0,restricted,2390.8417013459,0.5414351482,59562136
TH,1997,Thailand,0,807,0,restricted,2332.7998232765,0.5233486819,60206941
TH,1998,Thailand,0,998,0,restricted,2063.7624594702,0.5052622156,60903042
TH,1999,Thailand,0,1081,0,restricted,2130.3622407593,0.526747713,61623143
TH,2000,Thailand,1,1249,0.800641,restricted,2205.7753915196,0.5482332104,62343379
TH,2001,Thailand,0,1417,0,restricted,2227.6500244996,0.4603262751,63069070
TH,2002,Thailand,0,1709,0,restricted,2319.3070738642,0.3724193398,63797841
TH,2003,Thailand,2,2016,0.992063,restricted,2458.298363768,0.1479928769,64488338
TH,2004,Thailand,3,2211,1.356852,restricted,2590.1931167891,0.113795216,65087400
TH,2005,Thailand,5,2541,1.967729,restricted,2689.9531474965,0.0879561452,65559487
TH,2006,Thailand,2,3103,0.644538,restricted,2813.0272026996,-0.0268445262,65883961
TH,2007,Thailand,5,3689,1.355381,restricted,2946.2958507919,-0.0835038814,66076927
TH,2008,Thailand,2,4348,0.459982,restricted,3014.5447002119,-0.1319153449,66185340
TH,2009,Thailand,7,4800,1.458333,restricted,2940.2235788246,-0.22392593,66277335
TH,2010,Thailand,5,5243,0.953652,restricted,3163.9038450709,-0.1972667435,66402316
TH,2011,Thailand,10,5802,1.723544,restricted,3158.0666713329,-0.209473902,66576332
TH,2012,Thailand,4,6075,0.658436,restricted,3389.5772407258,-0.1720670925,66785001
TH,2013,Thailand,12,6577,1.82454,restricted,3437.8412152314,-0.1334204525,67010502
TH,2014,Thailand,14,6690,2.092676,restricted,NA,NA,NA
TR,1991,Turkey,NA,NA,NA,restricted,4964.7187640415,NA,54911233
TR,1992,Turkey,0,1324,0,restricted,5130.2699995266,NA,55815175
TR,1993,Turkey,0,1497,0,restricted,5435.3619644039,NA,56713073
TR,1994,Turkey,0,1712,0,restricted,5100.6540612146,NA,57613441
TR,1995,Turkey,0,2212,0,restricted,5417.040845606,NA,58522320
TR,1996,Turkey,0,3313,0,restricted,5726.7550351046,-0.1710936471,59442502
TR,1997,Turkey,0,3800,0,restricted,6065.81640324,-0.1510952024,60372413
TR,1998,Turkey,1,4402,0.2271694684,restricted,6111.1043914299,-0.1310967577,61308204
TR,1999,Turkey,0,5129,0,restricted,5816.6810367156,-0.0960342975,62243779
TR,2000,Turkey,1,5382,0.1858045336,restricted,6119.2313045005,-0.0609718372,63174483
TR,2001,Turkey,1,6596,0.1516070346,restricted,5687.243708763,-0.0608595881,64100297
TR,2002,Turkey,3,8898,0.3371544167,restricted,5952.1815662715,-0.0607473389,65022300
TR,2003,Turkey,7,10541,0.6640736173,restricted,6178.5429787211,0.1338125155,65938265
TR,2004,Turkey,12,13092,0.9165902841,restricted,6665.3074260151,0.1332998224,66845635
TR,2005,Turkey,9,14087,0.638886917,restricted,7129.5848774132,0.1570754931,67743052
TR,2006,Turkey,11,14940,0.7362784471,restricted,7522.9718700939,0.0461557102,68626337
TR,2007,Turkey,9,17717,0.5079866795,restricted,7775.5939294503,0.0208108224,69496513
TR,2008,Turkey,13,19163,0.6783906486,restricted,7730.3827805614,0.0809837936,70363511
TR,2009,Turkey,30,21467,1.3974938277,restricted,7266.6944275124,0.1018257409,71241080
TR,2010,Turkey,26,22589,1.1510027004,restricted,7833.5285814187,0.1176649013,72137546
TR,2011,Turkey,27,23382,1.1547344111,restricted,8413.3183808332,0.0799011191,73058638
TR,2012,Turkey,38,25001,1.5199392024,restricted,8483.3339769181,0.0354967481,73997128
TR,2013,Turkey,30,26193,1.1453441759,restricted,8722.9222699377,NA,74932641
TR,2014,Turkey,25,26474,0.9443227317,restricted,NA,NA,NA
TW,1991,Taiwan,NA,NA,NA,prob. not allowed,14624.69703,NA,20605831
TW,1992,Taiwan,0,3903,0,prob. not allowed,15609.03802,NA,20802622
TW,1993,Taiwan,0,4481,0,prob. not allowed,16511.99858,NA,20995416
TW,1994,Taiwan,0,5439,0,prob. not allowed,17581.24137,NA,21177874
TW,1995,Taiwan,0,6057,0,prob. not allowed,18542.17891,NA,21357431
TW,1996,Taiwan,0,7726,0,prob. not allowed,19361.18841,0.75,21525433
TW,1997,Taiwan,1,8143,0.1228048631,prob. not allowed,20329.75656,745,21742815
TW,1998,Taiwan,4,8830,0.4530011325,prob. not allowed,20876.29155,0.74,21928591
TW,1999,Taiwan,1,9343,0.1070320026,prob. not allowed,21907.7923,0.76,22092387
TW,2000,Taiwan,8,9908,0.8074283407,prob. not allowed,23064.5485,0.78,22276672
TW,2001,Taiwan,13,11047,1.1767900788,prob. not allowed,22261.43545,815,22405568
TW,2002,Taiwan,19,11627,1.6341274619,prob. not allowed,23312.03253,0.85,22520776
TW,2003,Taiwan,49,12760,3.8401253918,prob. not allowed,24090.16079,0.94,22604550
TW,2004,Taiwan,49,14342,3.416538837,prob. allowed,25609.56667,975,22689122
TW,2005,Taiwan,70,16034,4.365722839,prob. allowed,26692.99139,1.01,22770383
TW,2006,Taiwan,83,18195,4.5616927727,prob. allowed,28031.01347,0.76,22876527
TW,2007,Taiwan,67,19350,3.4625322997,prob. allowed,29567.09326,0.75,22958360
TW,2008,Taiwan,99,21939,4.512511965,prob. allowed,29626.57675,0.76,23037031
TW,2009,Taiwan,131,23355,5.6090772854,prob. allowed,28819.19446,0.93,23119772
TW,2010,Taiwan,97,24526,3.9549865449,prob. allowed,32104.92001,1.02,23162123
TW,2011,Taiwan,130,26836,4.8442390818,prob. allowed,NA,1.05,23224912
TW,2012,Taiwan,118,27175,4.3422263109,prob. allowed,NA,1.04,23315822
TW,2013,Taiwan,115,27583,4.1692346735,prob. allowed,NA,1.04,23373517
TW,2014,Taiwan,106,26888,3.9422790836,prob. allowed,NA,NA,NA
US,1991,USA,NA,NA,NA,prob. allowed,32507.8333912027,NA,252981000
US,1992,USA,2,148708,0.0134491756,prob. allowed,33199.8175937778,NA,256514000
US,1993,USA,1,149226,0.0067012451,prob. allowed,33663.3214148643,NA,259919000
US,1994,USA,1,150969,0.0066238764,prob. allowed,34597.3588767316,NA,263126000
US,1995,USA,3,152735,0.0196418634,prob. allowed,35116.551763595,NA,266278000
US,1996,USA,11,161409,0.0681498553,prob. allowed,36028.8389485942,1.4502266295,269394000
US,1997,USA,42,166832,0.2517502637,prob. allowed,37191.4871723411,1.5014671537,272657000
US,1998,USA,56,252060,0.2221693248,prob. allowed,38396.6887552647,1.5527076779,275854000
US,1999,USA,99,251757,0.393236335,prob. allowed,39775.1605973674,1.5439240006,279040000
US,2000,USA,127,255106,0.4978322736,prob. allowed,40943.2991672548,1.5351403233,282162411
US,2001,USA,161,253213,0.6358283342,prob. allowed,40936.1353267713,1.5142152023,284968955
US,2002,USA,203,255892,0.7933034249,prob. allowed,41282.9082016035,1.4932900813,287625193
US,2003,USA,265,264862,1.000521026,prob. allowed,42078.9370173507,1.5461668231,290107933
US,2004,USA,315,274286,1.1484363037,prob. allowed,43270.37046071,1.430703008,292805298
US,2005,USA,329,283282,1.1613868866,prob. allowed,44307.8326033388,1.5259934499,295516599
US,2006,USA,343,292209,1.1738173704,prob. allowed,45052.4967109981,1.572890688,298379912
US,2007,USA,312,297229,1.0496956892,prob. allowed,45417.4014182993,1.5767299048,301231207
US,2008,USA,333,309761,1.0750223559,prob. allowed,44873.0143593204,1.6123965416,304093966
US,2009,USA,333,315672,1.05489242,prob. allowed,43234.2637474679,1.5753502896,306771529
US,2010,USA,318,328519,0.967980543,prob. allowed,43960.9840642028,1.6298378646,309326295
US,2011,USA,394,343638,1.1465553868,prob. allowed,44341.8118404084,1.6050240919,311582564
US,2012,USA,388,353228,1.0984406672,prob. allowed,45038.2038112739,1.6048311422,313873685
US,2013,USA,395,365208,1.081575431,prob. allowed,45710.2526685713,NA,316128839
US,2014,USA,396,368469,1.0747172761,prob. allowed,NA,NA,NA
VE,1991,Venezuela,NA,NA,NA,NA,5661.32621352,NA,20218813
VE,1992,Venezuela,0,533,0,NA,5867.221198754,NA,20691641
VE,1993,Venezuela,0,549,0,NA,5753.0838952154,NA,21160262
VE,1994,Venezuela,0,600,0,NA,5496.7729194439,NA,21626607
VE,1995,Venezuela,0,624,0,NA,5593.5787837188,NA,22092144
VE,1996,Venezuela,0,701,0,NA,5467.507108532,-0.8758669255,22556838
VE,1997,Venezuela,0,823,0,NA,5698.7781272605,-0.849697293,23020184
VE,1998,Venezuela,0,960,0,NA,5602.9623074021,-0.8235276604,23482700
VE,1999,Venezuela,0,959,0,NA,5166.7229347836,-0.8615903363,23945002
VE,2000,Venezuela,0,1035,0,NA,5255.6917428014,-0.8996530121,24407553
VE,2001,Venezuela,0,996,0,NA,5332.9433308919,-1.0347184897,24870441
VE,2002,Venezuela,1,1091,0.9165902841,NA,4771.807698482,-1.1697839672,25333622
VE,2003,Venezuela,0,1120,0,NA,4322.636852521,-1.2923039003,25797219
VE,2004,Venezuela,2,995,2.0100502513,NA,5022.738461037,-1.2174514018,26261326
VE,2005,Venezuela,0,1123,0,NA,5444.662517852,-1.2229749022,26725897
VE,2006,Venezuela,0,1134,0,NA,5879.8680500067,-1.4010806184,27190882
VE,2007,Venezuela,1,1184,0.8445945946,NA,6287.0308966723,-1.5386867648,27655937
VE,2008,Venezuela,0,1396,0,NA,6509.5470871448,-1.6024712886,28120312
VE,2009,Venezuela,2,1243,1.6090104586,NA,6199.1000939369,-1.590771762,28583040
VE,2010,Venezuela,0,1232,0,NA,6010.0797889966,-1.644849978,29043283
VE,2011,Venezuela,1,1098,0.9107468124,NA,6163.9393375218,-1.6689105258,29500625
VE,2012,Venezuela,2,1023,1.9550342131,NA,6412.027073349,-1.6856195929,29954782
VE,2013,Venezuela,0,1057,0,NA,6401.905166279,-1.790289402,30405207
VE,2014,Venezuela,2,841,2.3781212842,NA,NA,NA,NA
ZA,1991,South Africa,NA,NA,NA,NA,4914.1169701696,NA,35933108
ZA,1992,South Africa,0,3106,0,NA,4709.7966145363,NA,36690739
ZA,1993,South Africa,0,3073,0,NA,4668.2667347788,NA,37473796
ZA,1994,South Africa,0,3101,0,NA,4715.7910634131,NA,38283223
ZA,1995,South Africa,0,3234,0,NA,4757.9827967795,NA,39120000
ZA,1996,South Africa,0,3419,0,NA,4853.36941423,-0.0125979003,40000247
ZA,1997,South Africa,1,3568,0.2802690583,NA,4866.911110179,0.07152112,40926063
ZA,1998,South Africa,0,3641,0,NA,4777.5881326868,0.1556401404,41899683
ZA,1999,South Africa,0,3805,0,NA,4775.5613166656,0.1283690103,42923485
ZA,2000,South Africa,0,3610,0,NA,4854.387531665,0.1010978803,44000000
ZA,2001,South Africa,1,3775,0.2649006623,NA,4884.4654533696,0.0737846069,44909738
ZA,2002,South Africa,0,4060,0,NA,4994.411899185,0.0464713336,45546345
ZA,2003,South Africa,1,4007,0.2495632643,NA,5076.972804722,0.0432034178,46127031
ZA,2004,South Africa,2,4349,0.4598758335,NA,5239.9720201711,0.0890165212,46727694
ZA,2005,South Africa,2,4575,0.4371584699,NA,5444.1000988731,0.0774861579,47349013
ZA,2006,South Africa,1,5187,0.1927896665,NA,5671.1785475129,0.2372133008,47991699
ZA,2007,South Africa,0,5825,0,NA,5893.5400936667,0.0734893059,48656506
ZA,2008,South Africa,5,6552,0.7631257631,NA,5996.8447913128,0.0340402864,49344228
ZA,2009,South Africa,5,7153,0.6990074095,NA,5820.6820853151,0.0929922858,50055701
ZA,2010,South Africa,2,7729,0.2587656877,NA,5910.6948542096,0.1075497772,50791808
ZA,2011,South Africa,3,8975,0.3342618384,NA,6010.4408532935,0.1257604793,51553479
ZA,2012,South Africa,8,9654,0.828672053,NA,6051.341359846,0.0792699125,52341695
ZA,2013,South Africa,8,10296,0.777000777,NA,6090.2954432209,0.1269915551,53157490
ZA,2014,South Africa,4,11286,0.3544214071,NA,NA,NA,NA
